<?xml version="1.0" encoding="UTF-8" ?>
<!DOCTYPE mapper
        PUBLIC "-//mybatis.org//DTD Mapper 3.0//EN"
        "http://mybatis.org/dtd/mybatis-3-mapper.dtd">
<mapper namespace="jp.co.groundinc.convertor.mapper.AuditProgressMapper">

	<select id="findByDate" resultType="jp.co.groundinc.convertor.domain.AuditProgress"
		    parameterType="jp.co.groundinc.convertor.domain.AuditProgress">
		select
		  start_date as startDate,
		  total_expected_count as totalExpectedCount,
		  total_completed_count as totalCompletedCount,
		  total_incompleted_count as totalIncompletedCount,
		  completed_rate as completedRate,
		  audit_no as auditNo,
		  audit_param_value_from as auditParamValueFrom,
		  audit_param_value_to as auditParamValueTo,
		  audit_type as auditType,
		  audit_type_name as auditTypeName
		from 
		  view_audit_progress
			<where>
				<if test="startDate != null and nextStartDate != null">
					start_date between #{startDate} and #{nextStartDate}
				</if>
				<if test="auditType != null">
					and audit_type = #{auditType}
				</if>
			</where>
		  
	</select>
	
	<select id="selectCountt" parameterType="jp.co.groundinc.convertor.domain.AuditProgress"
		resultType="int">
			select 
			count(*)
		    from 
		       view_audit_progress
		    <where>
				<if test="startDate != null and nextStartDate != null">
					start_date between #{startDate} and #{nextStartDate}
				</if>
				<if test="auditType != null">
					and audit_type = #{auditType}
				</if>
			</where>
	
	</select>
</mapper>