<?xml version="1.0" encoding="UTF-8" ?>
<!DOCTYPE mapper
        PUBLIC "-//mybatis.org//DTD Mapper 3.0//EN"
        "http://mybatis.org/dtd/mybatis-3-mapper.dtd">
<mapper namespace="jp.co.groundinc.convertor.mapper.CommonMapper">
    <select id="selectUserByUserCd" resultType="jp.co.groundinc.convertor.domain.ConvUser">
        select
        	user_code as userCode,
        	user_name as userName,
        	password,
        	password_change_date as passwordChangeDate,
        	old_password as oldPassword,
        	lock_flag as lockFlag,
        	authority_kind as authorityKind
        from mst_user 
        where user_code = #{userCode}
    </select>
    
    <select id="selectTranslateByTranslateKind" resultType="jp.co.groundinc.convertor.domain.Translate">
        select 
        	translate_kind,
        	translate_code,
        	translate_value,
        	sort_key,
        	inuse_flag,
        	note
        from mst_translate 
        where translate_kind = #{translateKind}
        ORDER BY sort_key
    </select>
    
    <select id="selectOperationDate" resultType="String">
        select 
        	operation_date
        from mst_date
    </select>
    <select id="selectStockSendDate" resultType="String">
        select 
        	stock_send_date
        from mst_date
    </select>
    <select id="selectStockSendTime" resultType="String">
        select 
        	stock_send_start_time
        from mst_date
    </select>
    
    <select id="selectTranslateByTranslateKindDetail" parameterType="String" resultType="jp.co.groundinc.convertor.domain.Translate">
        select 
        	translate_kind,
        	translate_code,
        	translate_value,
        	sort_key,
        	inuse_flag,
        	note
        from mst_translate 
        where note = #{note}
    </select>
    
    <select id="selectTableUpperlimit" resultType="String">
        select 
        	translate_value
        from  convertor_nitori.mst_translate
		where translate_kind = 'MaxSelectCount'
    </select>
    
    <select id="selectTableUpperCSVlimit" resultType="String">
        select 
        	translate_value
        from  convertor_nitori.mst_translate
		where translate_kind = 'MaxCsvCount'
    </select>
    
    <select id="getReprintOutputPdfPath" parameterType="jp.co.groundinc.convertor.domain.Translate" resultType="String">
        select 
        	translate_value
        from mst_translate 
        where translate_kind = #{translateKind} and translate_code = #{translate_code}
    </select>
    <select id="selectAllAuthorityKinds" resultType="String">
        select
        	menu_button_code || ':' ||
        	'"' || ARRAY_TO_STRING(ARRAY_AGG(authority_kind order by authority_kind), '","') || '"' as authorityKinds
        from view_mst_authority
        where permission_flag = '1'
        group by menu_button_code
    </select>
    
	<select id="selectSkuNameByCode" parameterType="String" resultType="String">
		select sku_name 
		from  mst_sku
		where sku = #{skuCoder}
	</select>
	
	<select id="selectUserNameByCode" parameterType="String" resultType="String">
		select user_name 
		from  mst_user
		where user_code = #{userCode}
	</select>
</mapper>