<?xml version="1.0" encoding="UTF-8" ?>
<!DOCTYPE mapper
        PUBLIC "-//mybatis.org//DTD Mapper 3.0//EN"
        "http://mybatis.org/dtd/mybatis-3-mapper.dtd">

<mapper namespace="jp.co.groundinc.convertor.mapper.DailyStockFilecreatMapper">
  <select id="selectDailyStockFilecreatReports"
		resultType="jp.co.groundinc.convertor.domain.DailyStockFilecreatReports" parameterType="String">
	  SELECT
		sku,
		sku_kind as skuKind,
		stock_qty as stockQty,
		area as area
	FROM if_stock_daily
	where sku = #{sku}
  </select>
  
  <select id="selectDailyStockFilecreatCsv"
		  resultType="jp.co.groundinc.convertor.domain.DailyStockFilecreatCsv" >
	  SELECT
		sku,
		sku_kind as skuKind,
		stock_qty as stockQty,
		area as area
		
	FROM if_stock_daily
  </select>
  
   <update id="updateDate"
		parameterType="jp.co.groundinc.convertor.domain.DailyStockFilecreat">
		update mst_date
		  set stock_send_date = #{stockSendDate},
		      stock_send_start_time = #{stockSendStartTime}
	</update>
	
   <update id="updateTime"
		parameterType="jp.co.groundinc.convertor.domain.DailyStockFilecreat">
		update mst_date
		  set 
		      stock_send_end_time = #{stockSendEndTime}
	</update>
	
	<select id="selectCount"  resultType="int">
		select 
		  count(*)
		from
		if_stock_daily
	</select>
	
	<insert id="insertStockDailyLog"
		parameterType="jp.co.groundinc.convertor.domain.DailyStockFilecreat">
		insert into stock_daily_log(
		create_kind,processed_date,processed_time,total_count,file_path,
		create_user,create_date,create_time,update_user,update_date,update_time
		)values(
		#{createKind},#{processedDate},#{processedTime},#{totalCount},#{filePath},
		#{createUser}, #{createDate}, #{createTime},#{updateUser},#{updateDate},#{updateTime}
		)
	</insert>
	
</mapper> 