<?xml version="1.0" encoding="UTF-8" ?>
<!DOCTYPE mapper
        PUBLIC "-//mybatis.org//DTD Mapper 3.0//EN"
        "http://mybatis.org/dtd/mybatis-3-mapper.dtd">
<mapper namespace="jp.co.groundinc.convertor.mapper.DailyStockInquiryMapper">

	<select id="findAll" resultType="jp.co.groundinc.convertor.domain.DailyStockFileInquiry"
		    parameterType="jp.co.groundinc.convertor.domain.DailyStockFileInquiry" flushCache="true">
		select
		  processed_date as processedDate,
		  processed_time as processedTime,
		  create_kind as createKind,
		  create_kind_name as createKindName,
		  total_count as totalCount,
		  file_url as fileUrl
		   
		from 
		  view_stock_daily_log
		<where>
			<if test="processedDateStart != null and processedDateEnd != null">
				processed_date between #{processedDateStart} and #{processedDateEnd}
			</if>
			
		</where>
	</select>
	
	<select id="selectCountt" parameterType="jp.co.groundinc.convertor.domain.DailyStockFileInquiry"
		resultType="int">
			select 
			count(*)
		    from 
		       view_stock_daily_log
		<where>
			<if test="processedDateStart != null and processedDateEnd != null">
				processed_date between #{processedDateStart} and #{processedDateEnd}
			</if>
			
		</where>
	</select>
</mapper>