<?xml version="1.0" encoding="UTF-8" ?>
<!DOCTYPE mapper
        PUBLIC "-//mybatis.org//DTD Mapper 3.0//EN"
        "http://mybatis.org/dtd/mybatis-3-mapper.dtd">

<mapper namespace="jp.co.groundinc.convertor.mapper.ExceptionsInquiryMapper">
	<select id="selectExceptionsInquiry" parameterType="jp.co.groundinc.convertor.domain.ExceptionsInquiry"
		resultType="jp.co.groundinc.convertor.domain.ExceptionsInquiry">
		select
		    exception_date as exceptionDate,
			sku as sku,
			exception_qty as exceptionQty,
			sku_name as skuName
			
		from
		view_exceptions
		<where>
			<if test="exceptionDateStart != null and exceptionDateEnd != null">
				 exception_date between #{exceptionDateStart} and #{exceptionDateEnd}
			</if>
			<if test="sku != null">
				and sku = #{sku}
			</if>
			<if test="skuName != null">
				and sku_name = #{skuName}
			</if>
		</where>
	</select>
	
	<select id="selectCountt" parameterType="jp.co.groundinc.convertor.domain.ExceptionsInquiry"
		resultType="int">
		select
		count(*)
		from
		view_exceptions
		<where>
			
			<if test="exceptionDateStart != null and exceptionDateEnd != null">
				 exception_date between #{exceptionDateStart} and #{exceptionDateEnd}
			</if>
			<if test="sku != null">
				and sku = #{sku}
			</if>
			<if test="skuName != null">
				and sku_name = #{skuName}
			</if>
		</where>

	</select>

	<select id="selectExceptionsInquiryDetail" parameterType="String"
		resultType="jp.co.groundinc.convertor.domain.ExceptionsInquiryDetail">
		select
		    exception_timestamp as exceptionTimestamp,
		    exception_date as exceptionDate,
			execution_id as executionId,
			operation_kind as operationKind,
			location as location,
			sku as sku,
			exception_kind as exceptionKind,
			exception_qty as exceptionQty,
			pps_id as ppsId,
			pps_name as ppsName,
			pps_bin_id as ppsBinId,
			pps_bin_name as  ppsBinName,
			user_code as userCode,
			user_name as userName
		from
		view_exceptions_detail
	    where sku = #{sku} and exception_date =#{exceptionDate}
	</select>
</mapper> 