<?xml version="1.0" encoding="UTF-8" ?>
<!DOCTYPE mapper
        PUBLIC "-//mybatis.org//DTD Mapper 3.0//EN"
        "http://mybatis.org/dtd/mybatis-3-mapper.dtd">

<mapper namespace="jp.co.groundinc.convertor.mapper.ExpressPickInstructionMapper">
	<select id="findExpressPickInstruction" parameterType="jp.co.groundinc.convertor.domain.ExpressPickInstruction"
		resultType="jp.co.groundinc.convertor.domain.ExpressPickInstruction">
	   select
	      data_received_date as dataRecievedDate,      
          data_received_time as dataRecievedTime, 
	      expected_date as expectedDate,
		  picklist_kind as picklistKind,
		  picklist_kind_name as picklistKindName,
	      order_id as orderId,
	      shortened_order_id as shortenedOrderId,
	      order_line_count as orderLineCount,
	      total_expected_count as totalExpectedCount
	    from 
	        view_order_express 
	    <where>
			<if test="pickDateStart != null and pickDateEnd != null">
			     expected_date between #{pickDateStart} and #{pickDateEnd}
			</if>
			<if test="picklistKind != null and picklistKind != 99">
				and picklist_kind = #{picklistKind}
			</if>
			<if test="orderId != null">
				and order_id like #{orderId}||'%'
			</if>
			<if test="dataReceivedDateTimeStart != '' and dataReceivedDateTimeEnd != '' ">
			    and data_received_date||data_received_time between #{dataReceivedDateTimeStart} and #{dataReceivedDateTimeEnd}
			</if>
		</where>    
	</select>
	
	 <select id="selectCountt" parameterType="jp.co.groundinc.convertor.domain.ExpressPickInstruction"
		resultType="int">
			select 
			   count(*)
		    from 
		       view_order_express
		<where>
			<if test="pickDateStart != null and pickDateEnd != null">
			     expected_date between #{pickDateStart} and #{pickDateEnd}
			</if>
			<if test="picklistKind != null">
				and picklist_kind = #{picklistKind}
			</if>
			<if test="orderId != null">
				and order_id = #{orderId}
			</if>
		</where>
	</select> 
	
	<select id="getDefTranslateCode" resultType="String">
			select 
			   translate_code
		    from 
		       mst_translate
		    where
		       translate_kind ='PickListKind' and  translate_code='99'
	</select>
	
	<select id="selectOrderId" parameterType="String" resultType="jp.co.groundinc.convertor.domain.ExpressPickInstruction" >
	   select 
	    sku, 
		sku_name AS skuName, 
		sku_kind AS skuKind, 
		expected_qty AS expectedQty, 
		location, 
		large_area_code AS largeAreaCode,
		page_title AS pageTitle,
		picklist_kind AS picklistKind,
		picklist_kind_name AS picklistKindName,
		pick_barcode AS pickBarcode,
		packing_barcode AS packingBarcode,
		flight_name AS flightName,
		home_no AS homeNo,
		shipping_address AS shippingAddress,
		shipping_address_name AS shippingAddressName,
		area,
		unit_price AS unitPrice,
		total_amount AS totalAmount,
		packing_size AS packingSize,
		loading_source_code AS loadingSourceCode,
		picklist_page_no AS picklistPageNo,
		total_pick_sequence AS totalPickSequence,
		orderer_name AS ordererName,
		order_date AS orderDate,
		order_kind AS orderKind,
		delivery_date AS deliveryDate,
		shipping_source_name AS shippingSourceName,
		order_large_area_line AS orderlargeAreaLine,
		check_mark AS checkMark,
		priority,
		order_area_kind AS orderAreaKind,
		fragile_flag AS fragileFlag,
		order_fragile_flag AS orderFragileFlag,
		print_flag AS printFlag,
		send_status AS sendStatus,
		print_order AS printOrder,
		order_line_count AS orderLineCount,
		sort_location AS sortLocation,
		order_id AS orderId,
		order_line_id AS orderLineId,
		process_sequence_no AS processSequenceNo,
		expected_date AS expectedDate,
		cbm as cbm
	     
	   from  
	     order_interface
	   where order_id = #{orderId} and large_area_code = '1'
	</select>
	
	<insert id="insertOrderInterface"
		parameterType="jp.co.groundinc.convertor.domain.ExpressPickInstruction">
		insert into order_express_interface(
		sku,sku_name,sku_kind,expected_qty,location,large_area_code,page_title,picklist_kind,picklist_kind_name,
		pick_barcode,packing_barcode,flight_name,home_no,shipping_address,shipping_address_name,area,unit_price,
		total_amount,packing_size,loading_source_code,picklist_page_no,total_pick_sequence,orderer_name,order_date,
		order_kind,delivery_date,shipping_source_name,order_large_area_line,check_mark,priority,order_area_kind,
		fragile_flag,order_fragile_flag,print_flag,send_status,print_order,order_line_count,sort_location,bintags,working_status,order_id,
		order_line_id,process_sequence_no,expected_date,cbm,create_user,create_date,
		create_time,update_user,update_date,update_time
		)values(
		#{sku}, #{skuName}, #{skuKind}, #{expectedQty}, #{location}, #{largeAreaCode},#{pageTitle},#{picklistKind},#{picklistKindName},
		#{pickBarcode}, #{packingBarcode}, #{flightName},#{homeNo},#{shippingAddress},#{shippingAddressName},#{area},#{unitPrice},#{totalAmount},
		#{packingSize},#{loadingSourceCode},#{picklistPageNo},#{totalPickSequence},#{ordererName},#{orderDate},#{orderKind},#{deliveryDate},
		#{shippingSourceName},#{orderlargeAreaLine},#{checkMark},#{priority},#{orderAreaKind},#{fragileFlag},#{orderFragileFlag},#{printFlag},
		#{sendStatus},#{printOrder},#{orderLineCount},#{sortLocation},#{bintags},#{workingStatus},#{orderId},#{orderLineId},#{processSequenceNo},#{expectedDate},#{cbm},
		#{creatUser}, #{creatDate}, #{creatTime},#{upateUser},#{upadateDate},#{upadateTime}
		)
	</insert>
	
	<select id="selectProductCount" parameterType="jp.co.groundinc.convertor.domain.ExpressPickInstruction" resultType="int">
		select 
		count(*)
		from
		 view_order_express
		 <where>
			<if test="pickDateStart != null and pickDateEnd != null">
			     expected_date between #{pickDateStart} and #{pickDateEnd}
			</if>
			<if test="picklistKind != null and picklistKind != 99">
				and picklist_kind = #{picklistKind}
			</if>
			<if test="orderId != null">
				and order_id like #{orderId}||'%'
			</if>
			<if test="dataReceivedDateTimeStart != '' and dataReceivedDateTimeEnd != '' ">
			    and data_received_date||data_received_time between #{dataReceivedDateTimeStart} and #{dataReceivedDateTimeEnd}
			</if>
		</where>    
	</select>
</mapper> 