<?xml version="1.0" encoding="UTF-8" ?>
<!DOCTYPE mapper
        PUBLIC "-//mybatis.org//DTD Mapper 3.0//EN"
        "http://mybatis.org/dtd/mybatis-3-mapper.dtd">

<mapper namespace="jp.co.groundinc.convertor.mapper.InventoriesInstructionMapper">
	<select id="selectProductInfo" parameterType="jp.co.groundinc.convertor.domain.InventoriesInstruction"
		resultType="jp.co.groundinc.convertor.domain.InventoriesInstruction">
		select sku as sku,
		sku_name as skuName,
		slot_count as slotCount,
		stock_qty as stockQty
		from
		view_audit_expectation_sku
		<where>
			<if test="skuStart != null and skuEnd != null"> 
			  and sku &gt;= #{skuStart} and sku &lt;= #{skuEnd}
			</if>
		</where>
	</select>
	
	<select id="findLocationInfo" parameterType="jp.co.groundinc.convertor.domain.InventoriesInstruction"
		resultType="jp.co.groundinc.convertor.domain.InventoriesInstruction">
		select location as location,
		sku_count as skuCount,
		stock_qty as stockQty
		from
		view_audit_expectation_slot
		<where>
			<if test="msuIdStart != null and msuIdEnd != null">
			  LPAD(msu_id, 4, '0') BETWEEN LPAD(#{msuIdStart}, 4, '0') AND LPAD(#{msuIdEnd}, 4, '0')
			</if>
			<if test="msuSideStart != null and msuSideEnd != null">
			 and LPAD(msu_side, 1, '0') BETWEEN LPAD(#{msuSideStart}, 1, '0') AND LPAD(#{msuSideEnd}, 1, '0')
			</if>
			<if test="msuStepStart != null and msuStepEnd != null">
			 and LPAD(msu_step , 1, '0') BETWEEN LPAD(#{msuStepStart}, 1, '0') AND LPAD(#{msuStepEnd}, 1, '0');
			</if>
		</where>
	</select>
	
	<select id="selectSlotCount" parameterType="String"
		resultType="String">
		select
		slot_count as soltCount
		from
		view_audit_expectation_sku	
		where sku = #{sku}
	</select>
	<select id="selectViewStockDetail" parameterType="String"
		resultType="jp.co.groundinc.convertor.domain.InventoriesInstruction">
		select
		sku as skuDetail,
		stock_qty as stockQty,
		location as location
		from
		view_stock_detail
		where sku = #{sku}
	</select>
	<select id="selectAuditSeqence" resultType="String">
		select
		TO_CHAR(last_value, '0000000000000'),nextval('audit_sequence')
		from
		audit_sequence
	</select>
	<select id="selectViewStockDetailLocation" parameterType="String"
		resultType="jp.co.groundinc.convertor.domain.InventoriesInstruction">
		select
		sku as skuDetail,
		stock_qty as stockQty,
		location as location
		from
		view_stock_detail
		where location = #{location} 
	</select>
	<insert id="insertAuditExpectation" parameterType="jp.co.groundinc.convertor.domain.InventoriesInstruction">
		insert into audit_expectation(audit_no,audit_type,audit_param_value_from,
		audit_param_value_to,target_slot_count,audit_stock_kind,start_date,start_time,
		create_user,create_date,create_time,update_user,update_date,update_time
		)
		values(#{auditNo},#{auditType},#{auditParamValueFrom},#{auditParamValueTo},#{targetSlotCount},#{auditStockKind},
		#{startDate},#{startTime},
		#{createUser},#{createDate},#{createTime},#{updateUser},#{updateDate},#{updateTime})
	</insert>
	
	<insert id="insertAuditExceptionDetail" parameterType="jp.co.groundinc.convertor.domain.InventoriesInstruction">
		insert into audit_expectation_detail(audit_no,audit_type,audit_param_value,
		send_status,create_user,create_date,create_time,update_user,update_date,update_time
		)
		values(#{auditNo},#{auditType},#{auditParamValue},#{sendStatus},
		#{createUser},#{createDate},#{createTime},#{updateUser},#{updateDate},#{updateTime})
	</insert>
	<insert id="insertAuditStock" parameterType="jp.co.groundinc.convertor.domain.InventoriesInstruction">
		insert into audit_stock(audit_no,location,sku,stock_qty,
		create_user,create_date,create_time,update_user,update_date,update_time
		)
		values(#{auditNo},#{location},#{sku},#{stockQty},
		#{createUser},#{createDate},#{createTime},#{updateUser},#{updateDate},#{updateTime})
	</insert>
	
	<select id="selectProductCount" parameterType="jp.co.groundinc.convertor.domain.InventoriesInstruction" resultType="int">
		select 
		count(*)
		from
		view_audit_expectation_sku
		<where>
			<if test="skuStart != null and skuEnd != null">
				and sku &gt;= #{skuStart} and sku &lt;= #{skuEnd}
			</if>
		</where>
	</select>
	
	<select id="selectSlotCountt" parameterType="jp.co.groundinc.convertor.domain.InventoriesInstruction" resultType="int">
		select 
		count(*)
		from
		view_audit_expectation_slot
		<where>
			<if test="msuIdStart != null and msuIdEnd != null">
			    LPAD(msu_id, 4, '0') BETWEEN LPAD(#{msuIdStart}, 4, '0') AND LPAD(#{msuIdEnd}, 4, '0')
			</if>
			<if test="msuSideStart != null and msuSideEnd != null">
			   and LPAD(msu_side, 1, '0') BETWEEN LPAD(#{msuSideStart}, 1, '0') AND LPAD(#{msuSideEnd}, 1, '0')
			</if>
			<if test="msuStepStart != null and msuStepEnd != null">
			   and LPAD(msu_step , 1, '0') BETWEEN LPAD(#{msuStepStart}, 1, '0') AND LPAD(#{msuStepEnd}, 1, '0');
			</if>
		</where>
	</select>
	<select id="selectInventoriesInstructionReports"
		resultType="jp.co.groundinc.convertor.domain.InventoriesInstructionReports" parameterType="String">
		SELECT
	      audit_no AS auditNo
		FROM audit_expectation
		where audit_no = #{Seqence}
   </select>

</mapper> 