<?xml version="1.0" encoding="UTF-8" ?>
<!DOCTYPE mapper
        PUBLIC "-//mybatis.org//DTD Mapper 3.0//EN"
        "http://mybatis.org/dtd/mybatis-3-mapper.dtd">

<mapper namespace="jp.co.groundinc.convertor.mapper.InventoryInquiryMapper">
	<select id="selectInventoryInquiry" parameterType="jp.co.groundinc.convertor.domain.InventoryInquiry"
		resultType="jp.co.groundinc.convertor.domain.InventoryInquiry">
		select
		operated_date as operatedDate,
		operation_kind_code as operationKindCode,
		operation_kind_name as operationKindName,
		operated_time as operatedTime,
		sku,
		qty,
		sku_name as skuName,
		pps_id as ppsId,
		pps_name as ppsName,
		key_id as keyId,
		pps_bin_id as ppsBinId,
		pps_bin_name as ppsBinName,
		user_code as userCode,
		user_name as userName,
		msu_id as msuId,
		msu_step as msuStep,
		msu_side as msuSide,
		msu_slot as msuSlot,
		location
		from
		view_inventory_log
		<where>
			<if test="operatedDateStart != null and operatedDateEnd != null">
				and (operated_date || operated_time) between #{operatedDateStart} || #{operatedTimeStart} and #{operatedDateEnd}|| #{operatedTimeEnd}
			</if>
			<if test="sku != null">
				and sku like #{sku} ||'%'
			</if>
			<if test="location != null">
				and location LIKE '%' || #{location} || '%'
			</if>
			<if test="ppsId != null">
				and pps_id = #{ppsId}
			</if>
			<if test="userCode != null">
				and user_code = #{userCode}
			</if>
			<if test="keyId != null">
				and key_id like #{keyId} ||'%'
			</if>
			and (
			<choose>
				<when test="Put != null">
					operation_kind_code = #{Put}
					<if test="Pick != null">
						OR operation_kind_code = #{Pick}
					</if>
					<if test="Audit != null">
						OR operation_kind_code = #{Audit}
					</if>
					<if test="ManualPick != null">
						OR operation_kind_code = #{ManualPick}
					</if>
					<if test="ManualPut != null">
						OR operation_kind_code = #{ManualPut}
					</if>
					<if test="StockAdjust != null">
						OR operation_kind_code = #{StockAdjust}
					</if>
					<if test="AuditExceptions != null">
						OR operation_kind_code = #{ AuditExceptions}
					</if>
					<if test="PickExceptions != null">
						OR operation_kind_code = #{PickExceptions}
					</if>

				</when>
				<when test="Pick != null">
					operation_kind_code = #{Pick}
					<if test="Put != null">
						OR operation_kind_code = #{Put}
					</if>
					<if test="Audit != null">
						OR operation_kind_code = #{Audit}
					</if>
					<if test="ManualPick != null">
						OR operation_kind_code = #{ManualPick}
					</if>
					<if test="ManualPut != null">
						OR operation_kind_code = #{ManualPut}
					</if>
					<if test="StockAdjust != null">
						OR operation_kind_code = #{StockAdjust}
					</if>
					<if test="AuditExceptions != null">
						OR operation_kind_code = #{ AuditExceptions}
					</if>
					<if test="PickExceptions != null">
						OR operation_kind_code = #{PickExceptions}
					</if>
				</when>
				<when test="Audit != null">
					operation_kind_code = #{Audit}
					<if test="Pick != null">
						OR operation_kind_code = #{Put}
					</if>
					<if test="Put != null">
						OR operation_kind_code = #{Pick}
					</if>
					<if test="ManualPick != null">
						OR operation_kind_code = #{ManualPick}
					</if>
					<if test="ManualPut != null">
						OR operation_kind_code = #{ManualPut}
					</if>
					<if test="StockAdjust != null">
						OR operation_kind_code = #{StockAdjust}
					</if>
					<if test="AuditExceptions != null">
						OR operation_kind_code = #{ AuditExceptions}
					</if>
					<if test="PickExceptions != null">
						OR operation_kind_code = #{PickExceptions}
					</if>
				</when>
				<when test="ManualPick != null">
					operation_kind_code = #{ManualPick}
					<if test="Put != null">
						OR operation_kind_code = #{Put}
					</if>
					<if test="Pick != null">
						OR operation_kind_code = #{Pick}
					</if>
					<if test="Audit != null">
						OR operation_kind_code = #{Audit}
					</if>
					<if test="ManualPut != null">
						OR operation_kind_code = #{ManualPut}
					</if>
					<if test="StockAdjust != null">
						OR operation_kind_code = #{StockAdjust}
					</if>
					<if test="AuditExceptions != null">
						OR operation_kind_code = #{ AuditExceptions}
					</if>
					<if test="PickExceptions != null">
						OR operation_kind_code = #{PickExceptions}
					</if>
				</when>

				<when test="ManualPut != null">
					operation_kind_code = #{ManualPut}
					<if test="Put != null">
						OR operation_kind_code = #{Put}
					</if>
					<if test="Pick != null">
						OR operation_kind_code = #{Pick}
					</if>
					<if test="Audit != null">
						OR operation_kind_code = #{Audit}
					</if>
					<if test="ManualPick != null">
						OR operation_kind_code = #{ManualPick}
					</if>
					<if test="StockAdjust != null">
						OR operation_kind_code = #{StockAdjust}
					</if>
					<if test="AuditExceptions != null">
						OR operation_kind_code = #{ AuditExceptions}
					</if>
					<if test="PickExceptions != null">
						OR operation_kind_code = #{PickExceptions}
					</if>
				</when>
				<when test="StockAdjust != null">
					operation_kind_code = #{StockAdjust}
					<if test="Put != null">
						OR operation_kind_code = #{Put}
					</if>
					<if test="Pick != null">
						OR operation_kind_code = #{Pick}
					</if>
					<if test="Audit != null">
						OR operation_kind_code = #{Audit}
					</if>
					<if test="ManualPick != null">
						OR operation_kind_code = #{ManualPick}
					</if>
					<if test="ManualPut != null">
						OR operation_kind_code = #{ManualPut}
					</if>
					<if test="AuditExceptions != null">
						OR operation_kind_code = #{ AuditExceptions}
					</if>
					<if test="PickExceptions != null">
						OR operation_kind_code = #{PickExceptions}
					</if>
				</when>
				<when test="PickExceptions != null">
					operation_kind_code = #{PickExceptions}
					<if test="Put != null">
						OR operation_kind_code = #{Put}
					</if>
					<if test="Pick != null">
						OR operation_kind_code = #{Pick}
					</if>
					<if test="Audit != null">
						OR operation_kind_code = #{Audit}
					</if>
					<if test="ManualPick != null">
						OR operation_kind_code = #{ManualPick}
					</if>
					<if test="ManualPut != null">
						OR operation_kind_code = #{ManualPut}
					</if>
					<if test="AuditExceptions != null">
						OR operation_kind_code = #{ AuditExceptions}
					</if>
					<if test="StockAdjust != null">
						OR operation_kind_code = #{StockAdjust}
					</if>
					
				</when>
				<when test="AuditExceptions != null">
					operation_kind_code = #{AuditExceptions}
					<if test="Put != null">
						OR operation_kind_code = #{Put}
					</if>
					<if test="Pick != null">
						OR operation_kind_code = #{Pick}
					</if>
					<if test="Audit != null">
						OR operation_kind_code = #{Audit}
					</if>
					<if test="ManualPick != null">
						OR operation_kind_code = #{ManualPick}
					</if>
					<if test="ManualPut != null">
						OR operation_kind_code = #{ManualPut}
					</if>
					<if test="StockAdjust != null">
						OR operation_kind_code = #{StockAdjust}
					</if>
					<if test="PickExceptions != null">
						OR operation_kind_code = #{PickExceptions}
					</if>
				</when>
			</choose>
			)
		</where>
	</select>
	<select id="selectInventoryInquiryCsv"
		resultType="jp.co.groundinc.convertor.domain.InventoryInquiryCsv"
		parameterType="map">
		SELECT
		operated_date as operatedDate,
		operation_kind_code as operationKindCode,
		operation_kind_name as operationKindName,
		operated_time as operatedTime,
		location,
		sku,
		qty,
		sku_name as skuName,
		pps_id as ppsId,
		pps_name as ppsName,
		key_id as keyId,
		pps_bin_id as ppsId,
		pps_bin_name as ppsBinName,
		user_code as userCode,
		user_name as userName,
		msu_id as msuId,
		msu_step as msuStep,
		msu_side as msuSide,
		msu_slot as msuSlot,
		slot_type as slotType,
		to_char(statement_timestamp(), 'YYYYMMDD') as csvExportDate,
		to_char(statement_timestamp(), 'HH24MISS') as csvExportTime
		FROM csv_inventory_log
	<where>
			<if test="operatedDateStart != null and operatedDateEnd != null">
				and (operated_date || operated_time) between #{operatedDateStart} || #{operatedDateTimeStart} and #{operatedDateEnd}|| #{operatedDateTimeEnd}
			</if>
			<if test="sku != null">
				and sku = #{sku}
			</if>
			<if test="location != null">
				and location LIKE '%' || #{location} || '%'
			</if>
			<if test="ppsId != null">
				and pps_id = #{ppsId}
			</if>
			<if test="userCode != null">
				and user_code = #{userCode}
			</if>
			<if test="keyId != null">
				and key_id like #{keyId} ||'%'
			</if>
			and (
			<choose>
				<when test="Put != null">
					operation_kind_code = #{Put}
					<if test="Pick != null">
						OR operation_kind_code = #{Pick}
					</if>
					<if test="Audit != null">
						OR operation_kind_code = #{Audit}
					</if>
					<if test="ManualPick != null">
						OR operation_kind_code = #{ManualPick}
					</if>
					<if test="ManualPut != null">
						OR operation_kind_code = #{ManualPut}
					</if>
					<if test="StockAdjust != null">
						OR operation_kind_code = #{StockAdjust}
					</if>
					<if test="AuditExceptions != null">
						OR operation_kind_code = #{ AuditExceptions}
					</if>
					<if test="PickExceptions != null">
						OR operation_kind_code = #{PickExceptions}
					</if>

				</when>
				<when test="Pick != null">
					operation_kind_code = #{Pick}
					<if test="Put != null">
						OR operation_kind_code = #{Put}
					</if>
					<if test="Audit != null">
						OR operation_kind_code = #{Audit}
					</if>
					<if test="ManualPick != null">
						OR operation_kind_code = #{ManualPick}
					</if>
					<if test="ManualPut != null">
						OR operation_kind_code = #{ManualPut}
					</if>
					<if test="StockAdjust != null">
						OR operation_kind_code = #{StockAdjust}
					</if>
					<if test="AuditExceptions != null">
						OR operation_kind_code = #{ AuditExceptions}
					</if>
					<if test="PickExceptions != null">
						OR operation_kind_code = #{PickExceptions}
					</if>
				</when>
				<when test="Audit != null">
					operation_kind_code = #{Audit}
					<if test="Pick != null">
						OR operation_kind_code = #{Put}
					</if>
					<if test="Put != null">
						OR operation_kind_code = #{Pick}
					</if>
					<if test="ManualPick != null">
						OR operation_kind_code = #{ManualPick}
					</if>
					<if test="ManualPut != null">
						OR operation_kind_code = #{ManualPut}
					</if>
					<if test="StockAdjust != null">
						OR operation_kind_code = #{StockAdjust}
					</if>
					<if test="AuditExceptions != null">
						OR operation_kind_code = #{ AuditExceptions}
					</if>
					<if test="PickExceptions != null">
						OR operation_kind_code = #{PickExceptions}
					</if>
				</when>
				<when test="ManualPick != null">
					operation_kind_code = #{ManualPick}
					<if test="Put != null">
						OR operation_kind_code = #{Put}
					</if>
					<if test="Pick != null">
						OR operation_kind_code = #{Pick}
					</if>
					<if test="Audit != null">
						OR operation_kind_code = #{Audit}
					</if>
					<if test="ManualPut != null">
						OR operation_kind_code = #{ManualPut}
					</if>
					<if test="StockAdjust != null">
						OR operation_kind_code = #{StockAdjust}
					</if>
					<if test="AuditExceptions != null">
						OR operation_kind_code = #{ AuditExceptions}
					</if>
					<if test="PickExceptions != null">
						OR operation_kind_code = #{PickExceptions}
					</if>
				</when>

				<when test="ManualPut != null">
					operation_kind_code = #{ManualPut}
					<if test="Put != null">
						OR operation_kind_code = #{Put}
					</if>
					<if test="Pick != null">
						OR operation_kind_code = #{Pick}
					</if>
					<if test="Audit != null">
						OR operation_kind_code = #{Audit}
					</if>
					<if test="ManualPick != null">
						OR operation_kind_code = #{ManualPick}
					</if>
					<if test="StockAdjust != null">
						OR operation_kind_code = #{StockAdjust}
					</if>
					<if test="AuditExceptions != null">
						OR operation_kind_code = #{ AuditExceptions}
					</if>
					<if test="PickExceptions != null">
						OR operation_kind_code = #{PickExceptions}
					</if>
				</when>
				<when test="StockAdjust != null">
					operation_kind_code = #{StockAdjust}
					<if test="Put != null">
						OR operation_kind_code = #{Put}
					</if>
					<if test="Pick != null">
						OR operation_kind_code = #{Pick}
					</if>
					<if test="Audit != null">
						OR operation_kind_code = #{Audit}
					</if>
					<if test="ManualPick != null">
						OR operation_kind_code = #{ManualPick}
					</if>
					<if test="ManualPut != null">
						OR operation_kind_code = #{ManualPut}
					</if>
					<if test="AuditExceptions != null">
						OR operation_kind_code = #{ AuditExceptions}
					</if>
					<if test="PickExceptions != null">
						OR operation_kind_code = #{PickExceptions}
					</if>
				</when>
				<when test="PickExceptions != null">
					operation_kind_code = #{PickExceptions}
					<if test="Put != null">
						OR operation_kind_code = #{Put}
					</if>
					<if test="Pick != null">
						OR operation_kind_code = #{Pick}
					</if>
					<if test="Audit != null">
						OR operation_kind_code = #{Audit}
					</if>
					<if test="ManualPick != null">
						OR operation_kind_code = #{ManualPick}
					</if>
					<if test="ManualPut != null">
						OR operation_kind_code = #{ManualPut}
					</if>
					<if test="AuditExceptions != null">
						OR operation_kind_code = #{ AuditExceptions}
					</if>
					<if test="StockAdjust != null">
						OR operation_kind_code = #{StockAdjust}
					</if>
					
				</when>
				<when test="AuditExceptions != null">
					operation_kind_code = #{AuditExceptions}
					<if test="Put != null">
						OR operation_kind_code = #{Put}
					</if>
					<if test="Pick != null">
						OR operation_kind_code = #{Pick}
					</if>
					<if test="Audit != null">
						OR operation_kind_code = #{Audit}
					</if>
					<if test="ManualPick != null">
						OR operation_kind_code = #{ManualPick}
					</if>
					<if test="ManualPut != null">
						OR operation_kind_code = #{ManualPut}
					</if>
					<if test="StockAdjust != null">
						OR operation_kind_code = #{StockAdjust}
					</if>
					<if test="PickExceptions != null">
						OR operation_kind_code = #{PickExceptions}
					</if>
				</when>
			</choose>
			)
		</where>
	</select>

	<select id="selectCount" parameterType="jp.co.groundinc.convertor.domain.InventoryInquiry"
		resultType="int">
		select
		count(*)
		from
		view_inventory_log
		<where>
			
			<if test="operatedDateStart != null and operatedDateEnd != null">
				and (operated_date || operated_time) between #{operatedDateStart} || #{operatedTimeStart} and #{operatedDateEnd}|| #{operatedTimeEnd}
			</if>
			<if test="sku != null">
				and sku = #{sku}
			</if>
			<if test="location != null">
				and location LIKE '%' || #{location} || '%'
			</if>
			<if test="ppsId != null">
				and pps_id = #{ppsId}
			</if>
			<if test="userCode != null">
				and user_code = #{userCode}
			</if>
			<if test="keyId != null">
				and key_id like #{keyId} ||'%'
			</if>
			and (
			<choose>
				<when test="Put != null">
					operation_kind_code = #{Put}
					<if test="Pick != null">
						OR operation_kind_code = #{Pick}
					</if>
					<if test="Audit != null">
						OR operation_kind_code = #{Audit}
					</if>
					<if test="ManualPick != null">
						OR operation_kind_code = #{ManualPick}
					</if>
					<if test="ManualPut != null">
						OR operation_kind_code = #{ManualPut}
					</if>
					<if test="StockAdjust != null">
						OR operation_kind_code = #{StockAdjust}
					</if>
					<if test="AuditExceptions != null">
						OR operation_kind_code = #{ AuditExceptions}
					</if>
					<if test="PickExceptions != null">
						OR operation_kind_code = #{PickExceptions}
					</if>

				</when>
				<when test="Pick != null">
					operation_kind_code = #{Pick}
					<if test="Put != null">
						OR operation_kind_code = #{Put}
					</if>
					<if test="Audit != null">
						OR operation_kind_code = #{Audit}
					</if>
					<if test="ManualPick != null">
						OR operation_kind_code = #{ManualPick}
					</if>
					<if test="ManualPut != null">
						OR operation_kind_code = #{ManualPut}
					</if>
					<if test="StockAdjust != null">
						OR operation_kind_code = #{StockAdjust}
					</if>
					<if test="AuditExceptions != null">
						OR operation_kind_code = #{ AuditExceptions}
					</if>
					<if test="PickExceptions != null">
						OR operation_kind_code = #{PickExceptions}
					</if>
				</when>
				<when test="Audit != null">
					operation_kind_code = #{Audit}
					<if test="Pick != null">
						OR operation_kind_code = #{Pick}
					</if>
					<if test="Put != null">
						OR operation_kind_code = #{Put}
					</if>
					<if test="ManualPick != null">
						OR operation_kind_code = #{ManualPick}
					</if>
					<if test="ManualPut != null">
						OR operation_kind_code = #{ManualPut}
					</if>
					<if test="StockAdjust != null">
						OR operation_kind_code = #{StockAdjust}
					</if>
					<if test="AuditExceptions != null">
						OR operation_kind_code = #{ AuditExceptions}
					</if>
					<if test="PickExceptions != null">
						OR operation_kind_code = #{PickExceptions}
					</if>
				</when>
				<when test="ManualPick != null">
					operation_kind_code = #{ManualPick}
					<if test="Put != null">
						OR operation_kind_code = #{Put}
					</if>
					<if test="Pick != null">
						OR operation_kind_code = #{Pick}
					</if>
					<if test="Audit != null">
						OR operation_kind_code = #{Audit}
					</if>
					<if test="ManualPut != null">
						OR operation_kind_code = #{ManualPut}
					</if>
					<if test="StockAdjust != null">
						OR operation_kind_code = #{StockAdjust}
					</if>
					<if test="AuditExceptions != null">
						OR operation_kind_code = #{ AuditExceptions}
					</if>
					<if test="PickExceptions != null">
						OR operation_kind_code = #{PickExceptions}
					</if>
				</when>

				<when test="ManualPut != null">
					operation_kind_code = #{ManualPut}
					<if test="Put != null">
						OR operation_kind_code = #{Put}
					</if>
					<if test="Pick != null">
						OR operation_kind_code = #{Pick}
					</if>
					<if test="Audit != null">
						OR operation_kind_code = #{Audit}
					</if>
					<if test="ManualPick != null">
						OR operation_kind_code = #{ManualPick}
					</if>
					<if test="StockAdjust != null">
						OR operation_kind_code = #{StockAdjust}
					</if>
					<if test="AuditExceptions != null">
						OR operation_kind_code = #{ AuditExceptions}
					</if>
					<if test="PickExceptions != null">
						OR operation_kind_code = #{PickExceptions}
					</if>
				</when>
				<when test="StockAdjust != null">
					operation_kind_code = #{StockAdjust}
					<if test="Put != null">
						OR operation_kind_code = #{Put}
					</if>
					<if test="Pick != null">
						OR operation_kind_code = #{Pick}
					</if>
					<if test="Audit != null">
						OR operation_kind_code = #{Audit}
					</if>
					<if test="ManualPick != null">
						OR operation_kind_code = #{ManualPick}
					</if>
					<if test="ManualPut != null">
						OR operation_kind_code = #{ManualPut}
					</if>
					<if test="AuditExceptions != null">
						OR operation_kind_code = #{ AuditExceptions}
					</if>
					<if test="PickExceptions != null">
						OR operation_kind_code = #{PickExceptions}
					</if>
				</when>
				<when test="PickExceptions != null">
					operation_kind_code = #{PickExceptions}
					<if test="Put != null">
						OR operation_kind_code = #{Put}
					</if>
					<if test="Pick != null">
						OR operation_kind_code = #{Pick}
					</if>
					<if test="Audit != null">
						OR operation_kind_code = #{Audit}
					</if>
					<if test="ManualPick != null">
						OR operation_kind_code = #{ManualPick}
					</if>
					<if test="ManualPut != null">
						OR operation_kind_code = #{ManualPut}
					</if>
					<if test="AuditExceptions != null">
						OR operation_kind_code = #{ AuditExceptions}
					</if>
					<if test="StockAdjust != null">
						OR operation_kind_code = #{StockAdjust}
					</if>
					
				</when>
				<when test="AuditExceptions != null">
					operation_kind_code = #{AuditExceptions}
					<if test="Put != null">
						OR operation_kind_code = #{Put}
					</if>
					<if test="Pick != null">
						OR operation_kind_code = #{Pick}
					</if>
					<if test="Audit != null">
						OR operation_kind_code = #{Audit}
					</if>
					<if test="ManualPick != null">
						OR operation_kind_code = #{ManualPick}
					</if>
					<if test="ManualPut != null">
						OR operation_kind_code = #{ManualPut}
					</if>
					<if test="StockAdjust != null">
						OR operation_kind_code = #{StockAdjust}
					</if>
					<if test="PickExceptions != null">
						OR operation_kind_code = #{PickExceptions}
					</if>
				</when>
			</choose>
			)
		</where>

	</select>
	
</mapper> 