<?xml version="1.0" encoding="UTF-8" ?>
<!DOCTYPE mapper
        PUBLIC "-//mybatis.org//DTD Mapper 3.0//EN"
        "http://mybatis.org/dtd/mybatis-3-mapper.dtd">

<mapper namespace="jp.co.groundinc.convertor.mapper.ManualPickInstructionMapper">
	<select id="selectPickInquiryInfo" parameterType="jp.co.groundinc.convertor.domain.ManualPickInstruction"
		resultType="jp.co.groundinc.convertor.domain.ManualPickInstruction">
		select sku as sku,
		sku_name as skuName,
		stock_qty as stockQty
		from
		view_order_manual
		<where>
			<if test="skuStart != null and skuEnd != null">
				and sku &gt;= #{skuStart} and sku &lt;= #{skuEnd}
			</if>
		</where>
	</select>
	<select id="selectCountt" parameterType="jp.co.groundinc.convertor.domain.ManualPickInstruction" resultType="int">
		select 
		count(*)
		from
		view_order_manual
		<where>
			<if test="skuStart != null and skuEnd != null">
				and sku &gt;= #{skuStart} and sku &lt;= #{skuEnd}
			</if>
		</where>
	</select>
	<select id="selectOrderSeqence" resultType="String">
		select
		TO_CHAR(last_value, '00000000'),nextval('order_sequence')
		from
		order_sequence
	</select>
	<select id="selectOrderProcessSeqence" resultType="String">
		select
		TO_CHAR(last_value, '000000000000'),nextval('process_sequence')
		from
		process_sequence
	</select>
	<insert id="insertOrderManual"
		parameterType="jp.co.groundinc.convertor.domain.ManualPickInstruction">
		insert into order_manual(
		order_id, order_line_id, sku, expected_qty,priority,data_received_date,expected_date,
		order_kind,working_status,create_user,create_date,
		create_time,update_user,update_date,update_time,
		process_Sequence_no,file_output_flag
		)values(
		#{orderId}, #{orderLineId}, #{sku}, #{expectedQty}, #{priority}, #{dataReceivedDate},
		#{expectedDate}, #{orderKind}, #{workingStatus},
		#{creatUser}, #{creatDate}, #{creatTime},#{upateUser},#{upadateDate},#{upadateTime},
		#{processSequenceNo},#{fileOutputFlag}
		)
	</insert>
	
	<select id="selectManualPickInstructionReports"
		resultType="jp.co.groundinc.convertor.domain.ManualPickInstructionReports" parameterType="String">
	SELECT
		sku, 
		sku_name AS skuName, 
		sku_kind AS skuKind, 
		expected_qty AS expectedQty, 
		location, 
		large_area_code AS largeAreaCode,
		page_title AS pageTitle,
		picklist_kind AS picklistKind,
		picklist_kind_name AS picklistKindName,
		pick_barcode AS pickBarcode,
		packing_barcode AS packingBarcode,
		flight_name AS flightName,
		home_no AS homeNo,
		shipping_address AS shippingAddress,
		shipping_address_name AS shippingAddressName,
		area,
		unit_price AS unitPrice,
		total_amount AS totalAmount,
		packing_size AS packingSize,
		loading_source_code AS loadingSourceCode,
		picklist_page_no AS picklistPageNo,
		total_pick_sequence AS totalPickSequence,
		orderer_name AS ordererName,
		order_date AS orderDate,
		order_kind AS orderKind,
		delivery_date AS deliveryDate,
		shipping_source_name AS shippingSourceName,
		order_large_area_line AS orderlargeAreaLine,
		check_mark AS checkMark,
		priority,
		order_area_kind AS orderAreaKind,
		fragile_flag AS fragileFlag,
		order_fragile_flag AS orderFragileFlag,
		print_flg AS printFlg,
		send_status AS sendStatus,
		print_order AS printOrder,
		order_line_count AS orderLineCount,
		sort_location AS sortLocation,
		order_id AS orderId,
		order_line_id AS orderLineId,
		process_sequence_no AS processSequenceNo,
		expected_date AS expectedDate,
		cbm as cbm,
		to_char(statement_timestamp(), 'YYYYMMDD') as csvExportDate,
		to_char(statement_timestamp(), 'HH24MISS') as csvExportTime
		
	FROM view_order_manual_interface
	where order_id = #{orderId}
</select>
 <update id="update" parameterType="jp.co.groundinc.convertor.domain.ManualPickInstruction">
        update order_manual 
           set file_output_flag = '1'
        where order_id = #{orderId}  
    </update>
</mapper> 