<?xml version="1.0" encoding="UTF-8" ?>
<!DOCTYPE mapper
        PUBLIC "-//mybatis.org//DTD Mapper 3.0//EN"
        "http://mybatis.org/dtd/mybatis-3-mapper.dtd">
<mapper namespace="jp.co.groundinc.convertor.mapper.PickProgressMapper">
	<select id="findPickProgressA" resultType="jp.co.groundinc.convertor.domain.PickProgress"
		parameterType="jp.co.groundinc.convertor.domain.PickProgress"
		flushCache="true">
		select
		  expected_date as expecteddate,
		  order_progress_key_name as orderProgressKeyName,
		  total_expected_count as totalExpectedCount,
		  total_completed_count as totalCompletedCount,
		  total_incompleted_count as totalIncompletedCount,
		  completed_rate as completedRate,
		  order_kind as orderKind,
		  order_kind_name as orderKindName,
		  order_area_kind as orderAreaKind,
		  order_area_kind_name as orderAreaKindName
		from
		  view_order_progress
		  <where>
			<if test="expecteddatestart != null and expecteddateend != null">
			     expected_date between #{expecteddatestart} and #{expecteddateend}
			</if>
			<if test="orderKind != null">
				and order_kind = #{orderKind}
			</if>
			    and order_area_kind = 'a'
		</where>
	</select>
	
	<select id="findPickProgressB" resultType="jp.co.groundinc.convertor.domain.PickProgress"
		parameterType="jp.co.groundinc.convertor.domain.PickProgress"
		flushCache="true">
		select
		  expected_date as expecteddate,
		  order_progress_key_name as orderProgressKeyName,
		  total_expected_count as totalExpectedCount,
		  total_completed_count as totalCompletedCount,
		  total_incompleted_count as totalIncompletedCount,
		  completed_rate as completedRate,
		  order_kind as orderKind,
		  order_kind_name as orderKindName,
		  order_area_kind as orderAreaKind,
		  order_area_kind_name as orderAreaKindName
		from
		  view_order_progress
		  <where>
			<if test="expecteddatestart != null and expecteddateend != null">
			     expected_date between #{expecteddatestart} and #{expecteddateend}
			</if>
			<if test="orderKind != null">
				and order_kind = #{orderKind}
			</if>
			    and order_area_kind = 'b'
		</where>
	</select>
	
	<select id="findPickProgress" resultType="jp.co.groundinc.convertor.domain.PickProgress"
		parameterType="jp.co.groundinc.convertor.domain.PickProgress"
		flushCache="true">
		select
		  expected_date as expecteddate,
		  order_progress_key_name as orderProgressKeyName,
		  total_expected_count as totalExpectedCount,
		  total_completed_count as totalCompletedCount,
		  total_incompleted_count as totalIncompletedCount,
		  completed_rate as completedRate,
		  order_kind as orderKind,
		  order_kind_name as orderKindName,
		  order_area_kind as orderAreaKind,
		  order_area_kind_name as orderAreaKindName
		from
		  view_order_progress
		  <where>
			<if test="expecteddatestart != null and expecteddateend != null">
			     expected_date between #{expecteddatestart} and #{expecteddateend}
			</if>
			<if test="orderKind != null">
				and order_kind = #{orderKind}
			</if>
			 and order_area_kind = 'a+b'
		</where>
	 </select>
	 
	 <select id="findButlerList" resultType="jp.co.groundinc.convertor.domain.PickProgress"
		parameterType="jp.co.groundinc.convertor.domain.PickProgress"
		flushCache="true">
		select
		  expected_date as expecteddate,
		  order_progress_key as orderProgressKey,
		  order_progress_key_name as orderProgressKeyName,
		  total_expected_count as totalExpectedCount,
		  butler_ratio as butlerRatio
		from
		  view_butler_ratio
		  <where>
			<if test="expecteddatestart != null and expecteddateend != null">
			     expected_date between #{expecteddatestart} and #{expecteddateend}
			</if>
		</where>
	 </select>
	
	  <select id="selectCountt" parameterType="jp.co.groundinc.convertor.domain.PickProgress"
		resultType="int">
			select 
			count(*)
		    from 
		     view_order_progress
		<where>
			<if test="expecteddatestart != null and expecteddateend != null">
			     expected_date between #{expecteddatestart} and #{expecteddateend}
			</if>
			<if test="orderKind != null">
				and order_kind = #{orderKind}
			</if>
		</where>
	</select> 
	<select id="getDefTranslateCode" resultType="String">
			select 
			translate_code
		    from 
		    mst_translate
		    where
		    translate_kind ='OrderKind' and  translate_code='9'
	</select> 
</mapper>