<?xml version="1.0" encoding="UTF-8" ?>
<!DOCTYPE mapper
        PUBLIC "-//mybatis.org//DTD Mapper 3.0//EN"
        "http://mybatis.org/dtd/mybatis-3-mapper.dtd">

<mapper namespace="jp.co.groundinc.convertor.mapper.PickListMapper">
 <sql id="selectOrderInfo">
    	   large_area_code as largeAreaCode,
			page_title as pageTitle,
			picklist_kind_name as  picklistKindName,
			expected_date as expectedDate,
			pps_id as  ppsId,
			pps_bin_id as ppsBinId,
			flight_name as  flightName,
			home_no as homeNo,
			shipping_address as shippingAddress,
			order_id as orderId,
			order_line_count as orderLineCount,
			total_cbm_in_page as totalCbmInPage,
			pick_barcode as pickBarcode,
			packing_barcode as packingBarcode,
			area as area,
			location as location,
			sku as sku,
			sku_kind as skuKind,
			expected_qty as expectedQty,
			result_qty as resultQty,
			missing_flag as missingFlag,
			check_mark as checkMark,
			sku_name as skuName,
			packing_size as packingSize,
			loading_source_code as  loadingSourceCode,
			priority as priority,
			order_kind as  orderKind,
			order_area_kind as orderAreaKind,
			fragile_flag as fragileFlag,
			order_fragile_flag as orderFragileFlag,
			print_flag as printFlag,
			send_status as sendStatus,
			process_sequence_no as processSequenceNo,
			print_order as printOrder,
			sort_location as sortLocation,
			cbm as cbm,
			to_char(statement_timestamp(), 'YYYYMMDD') as csvExportDate,
		    to_char(statement_timestamp(), 'HH24MISS') as csvExportTime
 </sql>
	<select id="selectPickList" resultType="jp.co.groundinc.convertor.domain.PickList">
			select 
			  incomplete_order_count as incompleteOrderCount
		    from 
		      view_picklist_count
	</select>
	<select id="selectOrderPick" resultType="String">
			select 
			   translate_value
		    from mst_translate 
        where translate_code= '10' and translate_kind='PickingListDefault'
	</select>
	<select id="selectTotalPick" resultType="String">
			select 
			   translate_value
		    from mst_translate 
        where translate_code='3' and translate_kind='PickingListDefault'
	</select>
	<select id="selectNote1" resultType="String">
			select 
	          note
	        from mst_translate 
        where translate_kind='PickingListDefault' and translate_code='10'
	</select>
	<select id="selectNote2" resultType="String">
			select 
	          note
	        from mst_translate 
        where translate_kind='PickingListDefault' and translate_code='20'
	</select>
	<select id="selectNote3" resultType="String">
		select 
	          note
	        from mst_translate 
        where translate_kind='PickingListDefault' and translate_code='30'
	</select>
	<select id="selectNote4" resultType="String">
			select 
	          note
	        from mst_translate 
        where translate_kind='PickingListDefault' and translate_code='1'
	</select>
	<select id="selectNote5" resultType="String">
			select 
	          note
	        from mst_translate 
        where translate_kind='PickingListDefault' and translate_code='2'
	</select>
	<select id="selectNote6" resultType="String">
			select 
	          note
	        from mst_translate 
        where translate_kind='PickingListDefault' and translate_code='3'
	</select>
	<select id="selectNote7" resultType="String">
			select 
	          note
	        from mst_translate 
        where translate_kind='PickingListDefault' and translate_code='4'
	</select>
	<select id="selectNote8" resultType="String">
			select 
	          note
	        from mst_translate 
        where translate_kind='PickingListDefault' and translate_code='5'
	</select>
	<select id="selectNote9" resultType="String">
			select 
	          note
	        from mst_translate 
        where translate_kind='PickingListDefault' and translate_code='6'
	</select>
	<select id="selectNote10" resultType="String">
			select 
	          note
	        from mst_translate 
        where translate_kind='PickingListDefault' and translate_code='7'
	</select>
	<select id="selectNote11" resultType="String">
			select 
	          note
	        from mst_translate 
        where translate_kind='PickingListDefault' and translate_code='8'
	</select>
	<select id="selectNote12" resultType="String">
			select 
	          note
	        from mst_translate 
        where translate_kind='PickingListDefault' and translate_code='9'
	</select>
	
	<select id="selectNote13" resultType="String">
			select 
	          note
	        from mst_translate 
        where translate_kind='PickingListDefault' and translate_code='99'
	</select>
	
	<select id="selectCountt" parameterType="jp.co.groundinc.convertor.domain.PickList"
		resultType="int">
			select 
			count(*)
		    from 
		     view_picklist_count
	</select>
	<select id="selectOrderProcessSeqence" resultType="String">
		select
		TO_CHAR(last_value, '000000000000'),nextval('process_sequence')
		from
		process_sequence
	</select>
	<update id="updateOrderAreaInterface" parameterType="jp.co.groundinc.convertor.domain.PickList" >
		update order_interface 
        set process_sequence_no = #{processSequence},
            print_flag = '1'
        where large_area_code = #{largeAreaCode} and print_flag = '0'
        and (order_area_kind = 'c' or order_area_kind = 'z')
	</update>
	<update id="updateAllMissingOrderInterface" parameterType="String" >
		update order_interface 
        set process_sequence_no = #{processSequence},
            print_flag = '1'
            FROM(
    			SELECT DISTINCT
        			order_id
    			FROM
        		  view_order_interface
    			WHERE
        			all_missing_flag = '1'
    			AND print_flag = '0'
    			ORDER BY
        			order_id ASC
   			 	) AS T1
        	where 
        		convertor_nitori.order_interface.order_id = T1.order_id
	</update>
	<update id="updateOrderSkuKindInterface" parameterType="jp.co.groundinc.convertor.domain.PickList" >
        update order_interface 
        set process_sequence_no = #{processSequence},
            print_flag = '1'
        where sku_kind = #{largeAreaCode} and print_flag = '0' and large_area_code is null
	</update>
	
	<select id="findPickListArea1OrderCsv" parameterType="String"
		resultType="jp.co.groundinc.convertor.domain.PickListCsv">
			select 
			<include refid="selectOrderInfo" />
		    from 
		     view_order_interface
		    where 
		      process_sequence_no =  #{processSequenceNo} and
		     large_area_code ='1' and 
             order_area_kind ='c' and 
             order_line_count > 1
            ORDER BY 
                     sort_location,
            		 order_id,
            		 location,
                     sku,
                     expected_qty
           
	</select>
	<select id="findPickListArea1TotaruCsv" parameterType="String"
		resultType="jp.co.groundinc.convertor.domain.PickListCsv">
			select 
			<include refid="selectOrderInfo" />
		    from 
		     view_order_interface
		    where 
		     process_sequence_no =  #{processSequenceNo} and
		     large_area_code ='1' and 
             order_area_kind ='c' and 
             order_line_count = 1
	         ORDER BY    
	         			 location,
	                     sku,
	                     expected_qty,
	                     order_id
	</select>
	<select id="findPickListArea29OrderCsv" parameterType="jp.co.groundinc.convertor.domain.PickListCsv"
		resultType="jp.co.groundinc.convertor.domain.PickListCsv">
			select 
			<include refid="selectOrderInfo" />
		    from 
		     view_order_interface
		    where 
		     process_sequence_no =  #{processSequence} and
		     large_area_code =  #{largeAreaCode} and
             order_line_count >= 1
            ORDER BY 
            		sort_location,
            		 order_id,
            		 location,
                     sku,
                     expected_qty
	</select>
	<select id="findPickListArea29TotalCsv" parameterType="jp.co.groundinc.convertor.domain.PickListCsv"
		resultType="jp.co.groundinc.convertor.domain.PickListCsv">
			select 
			<include refid="selectOrderInfo" />
		    from 
		     view_order_interface
		    where 
		     process_sequence_no =  #{processSequence} and
		     large_area_code = #{largeAreaCode} 
            ORDER BY 
            		location,
	                sku,
	                expected_qty,
	                order_id
	</select>
	<select id="findPickListArea1030OrderCsv" parameterType="jp.co.groundinc.convertor.domain.PickListCsv"
		resultType="jp.co.groundinc.convertor.domain.PickListCsv">
			select 
			<include refid="selectOrderInfo" />
		    from 
		     view_order_interface
		    where 
		     process_sequence_no =  #{processSequence} and
		     large_area_code is null and
		     sku_kind =  #{largeAreaCode} and
             order_line_count >= 1
            ORDER BY 
            		sort_location,
            		order_id,
            		location,
                    sku,
                    expected_qty
	</select>
	<select id="findPickListArea1030TotalCsv" parameterType="jp.co.groundinc.convertor.domain.PickListCsv"
		resultType="jp.co.groundinc.convertor.domain.PickListCsv">
			select 
			<include refid="selectOrderInfo" />
		    from 
		     view_order_interface
		    where 
		     process_sequence_no =  #{processSequence} and
		     large_area_code is null
            ORDER BY 
            		location,
	                sku,
	                expected_qty,
	                order_id
	</select>
	
	<select id="findPickListAllMissingCsv" parameterType="String"
		resultType="jp.co.groundinc.convertor.domain.PickListCsv">
			select 
			<include refid="selectOrderInfo" />
		    from 
		     view_order_interface
		    where 
		     process_sequence_no =  #{processSequence} and
		     all_missing_flag = '1'
            ORDER BY 
            		location,
	                sku,
	                expected_qty,
	                order_id
	</select>
	<insert id="insertPrintLog"
		parameterType="jp.co.groundinc.convertor.domain.PickList">
		insert into print_log(
		print_id, print_date, print_time, form_id,form_name,file_path,
		printer,user_code,create_user,create_date,
		create_time,update_user,update_date,update_time
		)values(
		#{printId}, #{printDate}, #{printTime}, #{formId}, #{formName},
		#{filePath}, #{printer}, #{userCode},
		#{createUser}, #{createDate}, #{createTime},#{updateUser},#{updateDate},#{updateTime}
		)
	</insert>
</mapper> 