<?xml version="1.0" encoding="UTF-8" ?>
<!DOCTYPE mapper
        PUBLIC "-//mybatis.org//DTD Mapper 3.0//EN"
        "http://mybatis.org/dtd/mybatis-3-mapper.dtd">

<mapper namespace="jp.co.groundinc.convertor.mapper.PickInquiryMapper">
	<select id="selectSyukoinfo" parameterType="jp.co.groundinc.convertor.domain.PickInquiry"
		resultType="jp.co.groundinc.convertor.domain.PickInquiry" flushCache="true">
		select 
		  create_date as datareceiveddate,
		  create_time as createTime,
		  expected_date as expecteddate,
		  order_id as orderid,
		  order_line_id as orderlineid,
		  sku as sku,
		  sku_name as skuname,
		  expected_qty as expectedqty,
		  result_qty as resultqty,
		  missing_qty as missingqty,
		  butler_status as butlerStatus,
	      butler_status_detail as butlerStatusDetail,
		  error_message as errorMessage,
		  pps_id as ppsid,
		  pps_bin_id as ppsbinid,
		  pps_bin_name as ppsbinName,
		  operated_date as operateddate,
		  operated_time as operatedtime,
		  order_kind as orderKind,
		  order_kind_name as orderKindName,
		  irregular_kind as irregularKind,
		  irregular_kind_name as irregularKindName
		  from view_order
		<where>
			<if test="datareceiveddateStart != null and datareceiveddateEnd != null
				and datareceiveddateStart != '' and datareceiveddateEnd != ''">
				(create_date ||create_time ) between #{datareceiveddateStart} || #{datareceivedtimeStart} and 
				#{datareceiveddateEnd}  || #{datareceivedtimeEnd}
			</if>
			<if test="expecteddateStart != null and expecteddateEnd != null">
				and expected_date between #{expecteddateStart} and
				#{expecteddateEnd}
			</if>
			<!-- <if test="operateddateStart != null and operateddateEnd != null">
				and operated_date between #{operateddateStart} and
				#{operateddateEnd}
			</if> -->
			<if test="operateddateStart != null and operateddateEnd != null
				and operateddateStart != '' and operateddateEnd != ''">
			and	(operated_date ||operated_time ) between #{operateddateStart} || #{operatedTimeStart} and 
				#{operateddateEnd}  || #{operatedTimeEnd}
			</if>
			<if test=" workingstatus != null">
				and working_status = #{workingstatus}
			</if>
			<if test="sku != null">
				and sku LIKE #{sku}||'%'
			</if>
			<if test=" orderid != null">
				and order_id LIKE #{orderid}||'%'
			</if>
			<if test=" ppsid != null">
				and pps_id = #{ppsid}
			</if>
			<if test=" ppsbinid != null">
				and pps_bin_id = #{ppsbinid}
			</if>
			<if test="orderKind != null">
				and order_kind = #{orderKind}
			</if>
			<if test="irregularKind != null">
				and irregular_kind_name = #{irregularKind}
			</if>
			
			<if test="allMissingFlag != null">
				and all_missing_flag = #{allMissingFlag}
			</if>
		</where>
	</select>
	<select id="selectproductName" parameterType="String"
		resultType="String" flushCache="true">
		select sku_name
		from
		 mst_sku
		where sku = #{productcoder}
	</select>
<select id="selectCountt" parameterType="jp.co.groundinc.convertor.domain.PickInquiry"
		resultType="int">
		select 
		count(*)
		  from view_order
		<where>
			<if test="datareceiveddateStart != null and datareceiveddateEnd!= null
				and datareceiveddateStart != '' and datareceiveddateEnd!= ''">
				(create_date ||create_time ) between #{datareceiveddateStart} || #{datareceivedtimeStart} and 
				#{datareceiveddateEnd}  || #{datareceivedtimeEnd}
			</if>
			<if test="expecteddateStart != null and expecteddateEnd != null">
				and expected_date between #{expecteddateStart} and
				#{expecteddateEnd}
			</if>
			<!-- <if test="operateddateStart != null and operateddateEnd != null">
				and operated_date between #{operateddateStart} and
				#{operateddateEnd}
			</if> -->
			<if test="operateddateStart != null and operateddateEnd != null
				and operateddateStart != '' and operateddateEnd != ''">
				and (operated_date ||operated_time ) between #{operateddateStart} || #{operatedTimeStart} and 
				#{operateddateEnd}  || #{operatedTimeEnd}
			</if>
			<if test=" workingstatus != null">
				and working_status = #{workingstatus}
			</if>
			<if test="sku != null">
				and sku LIKE #{sku}||'%'
			</if>
			<if test=" orderid != null">
				and order_id LIKE #{orderid}||'%'
			</if>
			<if test=" ppsid != null">
				and pps_id = #{ppsid}
			</if>
			<if test=" ppsbinid != null">
				and pps_bin_id = #{ppsbinid}
			</if>
			<if test="orderKind != null">
				and order_kind = #{orderKind}
			</if>
			<if test="irregularKind != null">
				and irregular_kind_name = #{irregularKind}
			</if>
			<if test="allMissingFlag != null">
				and all_missing_flag = #{allMissingFlag}
			</if>
		</where>
	</select>
	
	<select id="selectPickInquiryCsv"
		resultType="jp.co.groundinc.convertor.domain.PickInquiryCsv" parameterType="map">
	   SELECT
	        create_date as datareceiveddate,
	        create_time as　createTime,
			expected_date as expecteddate,
		    order_id as orderid,
		    order_line_id as orderlineid,
		    sku as sku,
		    sku_name as skuname,
		    sku_kind as skuKind,
		    sku_kind_name as skuKindName,
		    expected_qty as expectedqty,
		    result_qty as resultqty,
		    missing_qty as missingqty,
		    pps_id as ppsid,
		    pps_name as ppsName,
		    pps_bin_id as ppsbinid,
		    pps_bin_name as ppsbinName,
		    operated_date as operateddate,
		    operated_time as operatedtime,
		    order_kind as orderKind,
		    order_kind_name as orderKindName,
		    order_area_kind as orderAreaKind,
		    order_area_kind_name as orderAreaKindName,
		    working_status as workingstatus,
		    working_status_name as workingstatusName,
		    priority,
		    area,
		    irregular_kind as irregularKind,
		    irregular_kind_name as irregularKindName,
			user_code as userCode, 
			user_name as userName,
			to_char(statement_timestamp(), 'YYYYMMDD') as csvExportDate,
			to_char(statement_timestamp(), 'HH24MISS') as csvExportTime
	   FROM csv_order
	<where>
			<if test="datareceiveddateStart != null and datareceiveddateEnd!= null
					and datareceiveddateStart != '' and datareceiveddateEnd!= ''">
				(create_date ||create_time ) between #{datareceiveddateStart} || #{datareceivedtimeStart} and 
				#{datareceiveddateEnd}  || #{datareceivedtimeEnd}
			</if>
			<if test="expecteddateStart != null and expecteddateEnd != null">
				and expected_date between #{expecteddateStart} and
				#{expecteddateEnd}
			</if>
			<if test="operateddateStart != null and operateddateEnd != null
					and operateddateStart != '' and operateddateEnd != ''">
			and	(operated_date ||operated_time ) between #{operateddateStart} || #{operatedTimeStart} and 
				#{operateddateEnd}  || #{operatedTimeEnd}
			</if>
			<if test=" workingstatus != null">
				and working_status = #{workingstatus}
			</if>
			<if test="sku != null">
				and sku LIKE #{sku}||'%'
			</if>
			<if test=" orderid != null">
				and order_id LIKE #{orderid}||'%'
			</if>
			<if test=" ppsid != null">
				and pps_id = #{ppsid}
			</if>
			<if test=" ppsbinid != null">
				and pps_bin_id = #{ppsbinid}
			</if>
			<if test="orderKind != null">
				and order_kind = #{orderKind}
			</if>
			<if test="irregularKind != null">
				and irregular_kind_name = #{irregularKind}
			</if>
			<if test="allMissingFlag != null">
				and all_missing_flag = #{allMissingFlag}
			</if>
	</where>
</select>
<select id="getDefTranslateCode" resultType="String">
			select 
			translate_code
		    from 
		    mst_translate
		    where
		    translate_kind ='OrderKind' and  translate_code='9'
	</select> 
</mapper> 