<?xml version="1.0" encoding="UTF-8" ?>
<!DOCTYPE mapper
        PUBLIC "-//mybatis.org//DTD Mapper 3.0//EN"
        "http://mybatis.org/dtd/mybatis-3-mapper.dtd">

<mapper namespace="jp.co.groundinc.convertor.mapper.PrintLogInquiryMapper">
	<select id="selectPrintLog" parameterType="jp.co.groundinc.convertor.domain.PrintLogInquiry"
		    resultType="jp.co.groundinc.convertor.domain.PrintLogInquiry">
		select
		  print_id as printId,
		  user_code as userCode,
		  user_name as userName,
		  form_id as formId,
		  form_name as formName,
		  file_path as filePath,
		  print_date as printDate,
		  print_time as printTime,
		  printer as printer,
	      printer_name as printerName
		from 
		  view_print_log
		<where>
		 <if test="printDateStart != null">
				and print_date = #{printDateStart}
			</if>
			<if test="printTimeStart != null and printTimeEnd != null">
				and print_time between #{printTimeStart} and #{printTimeEnd}
			</if>
			
			<if test="formName != null">
				and form_name = #{formName}
			</if>
			
			<if test="userCode != null">
				and user_code = #{userCode}
			</if>
			
			<if test="filePath != null">
				AND file_path LIKE '%' || #{filePath} || '%'
			</if>
			
			<if test="printer != null">
				and printer = #{printer}
			</if>
		</where>
	
	</select>
	<select id="selectCountt" parameterType="jp.co.groundinc.convertor.domain.PrintLogInquiry"
		    resultType="int">
		select
		  count(*)
		from 
		  view_print_log
		<where>
			<if test="printTimeStart != null and printTimeEnd != null">
				and print_time between #{printTimeStart} and #{printTimeEnd}
			</if>
			
			<if test="formName != null">
				and form_name = #{formName}
			</if>
			
			<if test="userCode != null">
				and user_code = #{userCode}
			</if>
			
			<if test="filePath != null">
				AND file_path LIKE '%' || #{filePath} || '%'
			</if>
			
			<if test="printer != null">
				and printer = #{printer}
			</if>
		</where>
	
	</select>
</mapper> 