<?xml version="1.0" encoding="UTF-8" ?>
<!DOCTYPE mapper
        PUBLIC "-//mybatis.org//DTD Mapper 3.0//EN"
        "http://mybatis.org/dtd/mybatis-3-mapper.dtd">

<mapper namespace="jp.co.groundinc.convertor.mapper.SkuMasterMapper">
	<select id="selectSkuMaster" parameterType="jp.co.groundinc.convertor.domain.SkuMaster"
		resultType="jp.co.groundinc.convertor.domain.SkuMaster" flushCache="true">
			select 
			  sku,
		      sku_name as skuName,
			  update_user as updateUser,
			  update_date as updateDate,
			  update_time as updateTime,
			  deletion_kind as deletionKind,
			  deletion_kind_name as deletionKindName,
			  check_status as checkStatus,
			  check_status_name as checkStatusName,
			  check_flag as checkFlag,
			  stock_status as stockStatus,
			  stock_status_name as stockStatusName,
			  sku_kind as skuKind,
			  cbm,
			  sku_weight as skuWeight,
			  logistics_cbm as logisticsCbm,
			  logistics_sku_weight as logisticsSkuWeight
		    from 
		      view_mst_sku
		<where>
			<if test="sku != null">
				and sku = #{sku}
			</if>
			<if test="skuName != null">
				and sku_name LIKE '%' || #{skuName} || '%'
			</if>
			<if test="updateUser != null">
				and update_user = #{updateUser}
			</if>
			
			<if test="checkStatus != null">
				and check_status = #{checkStatus}
			</if>
			<if test="deletionKind != null">
				and deletion_kind = #{deletionKind}
			</if>
		</where>
	</select>
	<select id="selectSkuMasterDetail" resultType="jp.co.groundinc.convertor.domain.SkuMaster"
		parameterType="String">
		select
		  sku as sku,
		  cbm as cbm,
		  sku_name as skuName,
		  sku_kind as skuKind,
		  sku_width as skuWidth,
		  sku_depth as skuDepth,
		  sku_height as skuHeight,
		  sku_weight as skuWeight,
		  scanning_code as scanningCode,
		  sku_image_url as skuImageUrl,
		  logistics_sku_name as logisticsSkuName,
		  logistics_cbm as logisticsCbm,
		  logistics_sku_width as logisticsSkuWidth,
		  logistics_sku_depth as logisticsSkuDepth,
		  logistics_sku_height as logisticsSkuHeight,
		  logistics_sku_weight as logisticsSkuWeight,
		  logistics_scanning_code as logisticsScanningCode,
		  logistics_sku_kind as logisticsSkuKind,
		  fragile_flag as fragileFlag,
		  stock_direction as stockDirection,
		  stacking_flag as stackingFlag,
		  nesting_flag as nestingFlag,
		  nesting_direction as nestingDirection,
		  slot_type as slotType,
		  stock_status_name as stockStatusName,
		  max_stacable_count as maxStacableCount,
		  max_nesting_count as maxNestingCount,
		  nesting_increment_count as nestingIncrementCount,
		  logical_deletion_flag as logicalDeletionFlag
		from
		  view_mst_sku
	   where sku = #{sku}
	</select>	
	
	<update id="updateSkuMaster"
		parameterType="jp.co.groundinc.convertor.domain.SkuMaster">
		update mst_sku
		  set check_flag = #{checkStatus},
		      update_user = #{updateUser},
			  update_date = #{updateDate},
			  update_time = #{updateTime}
		  where sku = #{sku}
	</update>
	
	<update id="updateDetail" parameterType="jp.co.groundinc.convertor.domain.SkuMaster">
        update mst_sku 
        <set> 
           
			logistics_sku_name = #{logisticsSkuName},
			logistics_cbm = #{logisticsCbmtt},
			logistics_sku_width = #{logisticsSkuWidtht},	  
			logistics_sku_depth = #{logisticsSkuDeptht},	  
			logistics_sku_height = #{logisticsSkuHeightt},
			logistics_sku_image_url = #{logisticsSkuImageUrl},
			logistics_scanning_code = #{logisticsScanningCode},
			
		   <if test="logisticsSkuWeight != 0">
				logistics_sku_weight = #{logisticsSkuWeight},
		   </if>
		   
		    <if test="logisticsSkuKind != null">
				logistics_sku_kind = #{logisticsSkuKind},
		   </if>
		    <if test="fragileFlag != null">
				fragile_flag = #{fragileFlag},
		   </if>
		    <if test="stockDirection != null">
				stock_direction = #{stockDirection},
		   </if>
		   <if test="stackingFlag != null">
				stacking_flag = #{stackingFlag},
		   </if>
		   <if test="nestingFlag != null">
				nesting_flag = #{nestingFlag},
		   </if>
		    <if test="nestingDirection != null">
				nesting_direction = #{nestingDirection},
		   </if>
		   <if test="slotType != null">
				slot_type = #{slotType},
		   </if>
				max_stacable_count = #{maxStacableCount},
		   
		   <if test="maxNestingCount != 0">
				max_nesting_count = #{maxNestingCount},
		   </if>
				nesting_increment_count = #{nestingIncrementCount},

		   <if test="logicalDeletionFlag != null">
				logical_deletion_flag = #{logicalDeletionFlag},
		   </if>
		    <if test="updateUser != null">
				update_user = #{updateUser},
		   </if>
		    <if test="updateDate != null">
				update_date = #{updateDate},
		   </if>
		    <if test="updateTime != null">
				update_time = #{updateTime},
		   </if>
				check_Flag = 1,
				send_status = '0',
		        updated_kind = 'F'
       </set>
        where sku = #{sku}
    </update>
    
      <select id="selectSkuMasterCsv"
		resultType="jp.co.groundinc.convertor.domain.SkuMasterCsv" parameterType="map">
	     SELECT
			  sku,
		      sku_name as skuName,
		      sku_kind as skuKind,
		      cbm,
			  update_user as updateUser,
			  update_date as updateDate,
			  update_time as updateTime,
			  deletion_kind as deletionKind,
			   deletion_kind_name as deletionKindName,
			  check_status as checkStatus,
			  check_status_name as checkStatusName,
			  check_flag as checkFlag,
			  stock_status as stockStatus,
			  sku_width as skuWidth,
		      sku_depth as skuDepth,
		      sku_height as skuHeight,
		      sku_weight as skuWeight,
		      scanning_code as scanningCode,
		      sku_image_url as skuImageUrl,
			  area as area,
			  logistics_sku_name as logisticsSkuName,
			  logistics_sku_kind as logisticsSkuKind,
			  logistics_cbm as logisticsCbm,
			  logistics_sku_width as logisticsSkuWidth,
			  logistics_sku_depth as logisticsSkuDepth,
			  logistics_sku_height as logisticsSkuHeight,
			  logistics_scanning_code as logisticsScanningCode,
			  logistics_sku_weight as logisticsSkuWeight,
			  logistics_sku_image_url aslogisticsSkuImageUrl,
			  comments as comments,
			  slot_type as msuSlotType,
			  stacking_flag as stackingFlag,
			  nesting_flag as nestingFlag,
			  logical_deletion_flag as logicalDeletionFlag,
			  check_flag as checkFlag,
			  create_user as createUser,
			  create_date as createDate,
			  create_time as createTime,
		     to_char(statement_timestamp(), 'YYYYMMDD') as csvExportDate,
		     to_char(statement_timestamp(), 'HH24MISS') as csvExportTime
	   FROM csv_mst_sku
		<where>
			<if test="sku != null">
				and sku = #{sku}
			</if>
			<if test="skuName != null">
				and sku_name LIKE '%' || #{skuName} || '%'
			</if>
			<if test="updateUser != null">
				and update_user = #{updateUser}
			</if>
			<if test="checkStatus != null">
				and check_status = #{checkStatus}
			</if>
			<if test="deletionKind != null">
				and deletion_kind = #{deletionKind}
			</if>
		</where>
    </select>

    <select id="selectProductCount" parameterType="jp.co.groundinc.convertor.domain.SkuMaster" resultType="int">
		select 
		count(*)
		from
		view_mst_sku
		<where>
			<if test="sku != null">
				and sku = #{sku}
			</if>
			<if test="skuName != null">
				and sku_name LIKE '%' || #{skuName} || '%'
			</if>
			<if test="updateUser != null">
				and update_user = #{updateUser}
			</if>
			<if test="checkStatus != null">
				and check_status = #{checkStatus}
			</if>
			<if test="deletionKind != null">
				and deletion_kind = #{deletionKind}
			</if>
		</where>
	</select>
    
	<select id="selectSkuMasterDetailReports"
		resultType="jp.co.groundinc.convertor.domain.SkuMasterDetailReports" parameterType="String">
	     SELECT
			sku, 
			sku_name as skuName, 
			sku_kind as skuKind, 
			cbm,
			sku_width as skuWidth,
			sku_depth as skuDepth,
			sku_height as skuHeight,
			sku_weight as skuWeight,
			scanning_code as scanningCode,
			category_code as categoryCode,
			category_name as categoryName,
			to_char(statement_timestamp(), 'YYYYMMDD') as csvExportDate,
			to_char(statement_timestamp(), 'HH24MISS') as csvExportTime
	   FROM 
	      if_mst_sku
	   where sku = #{sku}
  </select>
</mapper> 