<?xml version="1.0" encoding="UTF-8" ?>
<!DOCTYPE mapper
        PUBLIC "-//mybatis.org//DTD Mapper 3.0//EN"
        "http://mybatis.org/dtd/mybatis-3-mapper.dtd">

<mapper namespace="jp.co.groundinc.convertor.mapper.SkuMasterRejectMapper">
	<resultMap type="jp.co.groundinc.convertor.domain.SkuMasterReject"
		id="skuMasterReject">
		<result property="sku" column="sku" />
		<result property="skuName" column="sku_name" />
		<result property="sendStatus" column="send_status" />
		<result property="sendStatusName" column="send_status_name" />
		<result property="errorMessage" column="error_message" />
		<result property="updateDate" column="update_date" />
		<result property="updateTime" column="update_time" />
	</resultMap>
	<!-- resultType="jp.co.groundinc.convertor.domain.SkuMasterReject" -->
	<select id="selectSkuMasterReject" parameterType="jp.co.groundinc.convertor.domain.SkuMasterReject"
		resultMap="skuMasterReject" flushCache="true">
		SELECT sku, sku_name, send_status, send_status_name, error_message,
		update_date, update_time
		FROM convertor_nitori.view_mst_sku_rejected
		<where>
			<if test="dataReceivedDateStart != null and dataReceivedDateEnd != null">
				update_date between #{dataReceivedDateStart} and
				#{dataReceivedDateEnd}
			</if>
			<if test="sku != null">
				and sku = #{sku}
			</if>
			<!-- <if test="skuName != null"> and sku_name = #{skuName} </if> -->
			<if test="sendStatus != null">
				and send_status = #{sendStatus}
			</if>
		</where>
	</select>
	<select id="selectCount" parameterType="jp.co.groundinc.convertor.domain.SkuMasterReject"
		resultType="int">
		select
		count(*)
		from
		convertor_nitori.view_mst_sku_rejected
		<where>
			<if test="dataReceivedDateStart != null and dataReceivedDateEnd != null">
				update_date between #{dataReceivedDateStart} and
				#{dataReceivedDateEnd}
			</if>
			<if test="sku != null">
				and sku = #{sku}
			</if>
			<!-- <if test="skuName != null"> and sku_name = #{skuName} </if> -->
			<if test="sendStatus != null">
				and send_status = #{sendStatus}
			</if>
		</where>

	</select>

</mapper> 