<?xml version="1.0" encoding="UTF-8" ?>
<!DOCTYPE mapper
        PUBLIC "-//mybatis.org//DTD Mapper 3.0//EN"
        "http://mybatis.org/dtd/mybatis-3-mapper.dtd">

<mapper namespace="jp.co.groundinc.convertor.mapper.StockAdjustInquiryMapper">
	<select id="selectStockAdjustInquiry" parameterType="jp.co.groundinc.convertor.domain.StockAdjustInquiry"
		resultType="jp.co.groundinc.convertor.domain.StockAdjustInquiry">
		select
		  audit_no as auditNo,
		  audit_stock_kind as auditStockKind,
		  audit_stock_kind_name as auditStockKindName,
		  audit_type as auditType,
		  audit_type_name as auditTypeName,
          audit_param_value_from as auditParamValueFrom,
          audit_param_value_to as auditParamValueTo,
          expected_count as expectedCount,
          result_count as resultCount,
		  start_date as startDate,
		  start_time as startTime,
		  max_reaudit_count as maxReauditCount,
		  irregular_kind as irregularKind,
		  irregular_kind_name as irregularKindName
		from
		  view_audit
		<where>
			<if test="auditNoStart != null and auditNoEnd != null">
				and audit_no between #{auditNoStart} and #{auditNoEnd}
			</if>
			<if test="startDateStart != null and startDateEnd != null">
				and start_date between #{startDateStart} and
				#{startDateEnd}
			</if>
			<if test="maxReauditCount != null">
				and max_reaudit_count >= #{maxReauditCount}
			</if>
			<if test="irregularKind != null">
				and irregular_kind >= #{irregularKind}
			</if>
			and audit_stock_kind = 's'
		</where>
	</select>
	<select id="selectCountt" parameterType="jp.co.groundinc.convertor.domain.StockAdjustInquiry"
		resultType="int">
		select
		count(*)
		from
		view_audit
		<where>
			<if test="auditNoStart != null and auditNoEnd != null">
				and audit_no between #{auditNoStart} and #{auditNoEnd}
			</if>
			<if test="startDateStart != null and startDateEnd != null">
				and start_date between #{startDateStart} and
				#{startDateEnd}
			</if>
			<if test="maxReauditCount != null">
				and max_reaudit_count >= #{maxReauditCount}
			</if>
			<if test="irregularKind != null">
				and irregular_kind >= #{irregularKind}
			</if>
			and audit_stock_kind = 's'
		</where>
	</select>
	<select id="selectStockAdjustInquiryInfo" resultType="jp.co.groundinc.convertor.domain.StockAdjustInquiry"
		parameterType="String">
		select DISTINCT
		audit_no as auditNo,
		audit_type_name as auditTypeName,
		start_date as startDate,
		start_time as
		startTime
		from
		view_audit
		where
		audit_no = #{auditno} and audit_stock_kind = 's'
	</select>

	<select id="selectStockAdjustInquiryDetail"
		resultType="jp.co.groundinc.convertor.domain.StockAdjustInquiryDetail"
		parameterType="String">
		select
		audit_no as auditNo,
		audit_id as auditId,
		audit_type_name as auditTypeName,
		location as location,
		sku as sku,
		sku_name as skuName,
		expected_qty as expectedQty,
		result_qty as resultQty,
		diff_qty as diffQty,
		extra_qty as extraQty,
		pps_name as stationName,
		user_name as userName,
		irregular_kind_name as irregularKindName,
		audit_status as auditStatus,
		reaudit_count as reauditCount,
		operated_date as operatedDate,
		operated_time as operatedTime
		from
		view_audit_detail
		where
		audit_no = #{auditno} and audit_stock_kind = 's'
		order by reaudit_count desc
	</select>

	<select id="selectStockAdjustInquiryDetailCsv"
		resultType="jp.co.groundinc.convertor.domain.StockAdjustInquiryDetailCsv">
		SELECT
			audit_no AS auditNo, 
			audit_stock_kind AS auditStockKind, 
			audit_stock_kind_name AS auditStockKindName,
			audit_type AS auditType,
			audit_type_name AS auditTypeName, 
			audit_id AS auditId,
			location,
			sku,
			sku_name AS skuName, 
			expected_qty AS expectedQty,
			result_qty AS resultQty, 
			diff_qty AS diffQty,
			extra_qty AS extraQty, 
			pps_id AS ppsId,
			pps_name AS ppsName,
			user_code AS userCode,
			user_name AS userName,
			operated_date AS operatedDate,
			operated_time AS operatedTime,
			irregular_kind AS irregularKind,
			irregular_kind_name AS irregularKindName,
			to_char(statement_timestamp(), 'YYYYMMDD') as csvExportDate,
			to_char(statement_timestamp(), 'HH24MISS') as csvExportTime
		FROM view_audit_detail
		where  audit_stock_kind = 's'
		and audit_no IN
		<foreach collection="list" item="orderIdList"  open="(" separator="," close=")">  
          #{orderIdList}  
        </foreach>
	</select>

	<select id="selectStockAdjustInquiryReport"
		resultType="jp.co.groundinc.convertor.domain.StockAdjustInquiryReports"
		parameterType="String">
		SELECT
		audit_no AS auditNo, 
		completed_timestamp AS completedTimestamp, 
		sku, 
		sku_name AS skuName, 
		sku_kind AS skuKind, 
		expected_qty AS expectedQty, 
		result_qty AS resultQty, 
		diff_qty AS diffQty, 
		location, 
		pps_id AS ppsId, 
		pps_name AS ppsName,
		user_code AS userCode, 
		user_name AS userName,
		audit_param_value_From AS auditParamValueFrom,
		audit_param_value_To AS auditParamValueTo,
		target_slot_count AS targetSlotCount,
		audit_start_timestamp AS auditStartTimestamp,
		audit_operation_timestamp AS auditOperationTimestamp,
		start_date AS startDate,
		start_time AS startTime,
		to_char(statement_timestamp(), 'YYYYMMDD') as csvExportDate,
		to_char(statement_timestamp(), 'HH24MISS') as csvExportTime
		FROM csv_stock_adjust_list
		where audit_no = #{auditNo}

	</select>
	
	<select id="selectPrintLogSeqence" resultType="String">
		select
		TO_CHAR(last_value,'0000000000000'),nextval('audit_sequence')
		from
		audit_sequence
</select>
<insert id="insertPrintLog"
		parameterType="jp.co.groundinc.convertor.domain.StockAdjustInquiry">
		insert into print_log(print_id, print_date, print_time, form_id,form_name,file_path,
		printer,user_code,create_user,create_date,
		create_time,update_user,update_date,update_time
		)values(#{printId}, #{printDate}, #{printTime}, #{formId}, #{formName},
		#{filePath}, #{printer}, #{userCode},#{createUser}, #{createDate}, #{createTime},#{updateUser},#{updateDate},#{updateTime})
	</insert>
	
	<insert id="insertAuditExpectationDetail"
		parameterType="jp.co.groundinc.convertor.domain.StockAdjustInquiryDetail">
		INSERT INTO audit_expectation_detail( 
          audit_no, audit_id , audit_type, audit_param_value , send_status, create_user, create_date, create_time,
          update_user, update_date , update_time, audit_status, pps_id, pps_seat_name , user_code, timestamp, 
          completed_timestamp,operated_date, operated_time) 
       VALUES 
       (#{auditNo}, #{auditId}, #{auditType}, #{auditParamValue}, #{sendStatus}, #{createUser},
        #{createDate}, #{createTime}, #{updateUser}, #{updateDate}, #{updateTime} , #{auditStatus}, #{ppsId}, 
        #{ppsSeatName}, #{userCode}, #{timestamp}, #{completedTimestamp}, #{operatedDate}, #{operatedTime}) 
		</insert>
	
</mapper> 