<?xml version="1.0" encoding="UTF-8" ?>
<!DOCTYPE mapper
        PUBLIC "-//mybatis.org//DTD Mapper 3.0//EN"
        "http://mybatis.org/dtd/mybatis-3-mapper.dtd">

<mapper namespace="jp.co.groundinc.convertor.mapper.StockInquiryMapper">
	<select id="selectStockInquiryInfo" parameterType="jp.co.groundinc.convertor.domain.StockInquiry"
		resultType="jp.co.groundinc.convertor.domain.StockInquiry">
		select 
			sku as sku,
			sku_name as skuName,
			stock_qty as stockQty,
			cbm as
			cbm,
			total_cbm as totalCbm,
			retention_days as retentionDays
		from
		    view_stock
		<where>
			<if test="skuStart != null and skuEnd != null">
				and sku &gt;= #{skuStart} and sku &lt;= #{skuEnd}
			</if>
			<if test=" skuName != null">
				and sku_name LIKE '%${skuName}%'
			</if>
			<if test=" totalCbmAbove != null and totalCbmUnder == null">
				and total_cbm &gt;= #{totalCbmAbove}
			</if>

			<if test=" totalCbmAbove == null and totalCbmUnder !=null">
				and total_cbm &lt;= #{totalCbmUnder}
			</if>
			<if test=" totalCbmAbove != null and totalCbmUnder !=null  ">
				and total_cbm between #{totalCbmAbove} and
				#{totalCbmUnder}
			</if>

		</where>
	</select>
		<select id="selectCountt" parameterType="jp.co.groundinc.convertor.domain.StockInquiry"
		resultType="int">
		select 
			count(*)
		from
		    view_stock
		<where>
			<if test="skuStart != null and skuEnd != null">
				and sku &gt;= #{skuStart} and sku &lt;= #{skuEnd}
			</if>
			<if test=" skuName != null">
				and sku_name LIKE '%${skuName}%'
			</if>
			<if test=" totalCbmAbove != null and totalCbmUnder == null">
				and total_cbm &gt;= #{totalCbmAbove}
			</if>

			<if test=" totalCbmAbove == null and totalCbmUnder !=null">
				and total_cbm &lt;= #{totalCbmUnder}
			</if>
			<if test=" totalCbmAbove != null and totalCbmUnder !=null  ">
				and total_cbm between #{totalCbmAbove} and
				#{totalCbmUnder}
			</if>

		</where>
	</select>
	<select id="selectStockInquiryDetailInfo" resultType="jp.co.groundinc.convertor.domain.StockInquiryDetail"
		parameterType="String">
		select
			location as location,
			sku as sku,
			cbm as cbm,
			total_cbm as totalCbm,
			stock_qty as stockQty,
			latest_shipment_date as latestShipmentDate,
			retention_days as
			retentionDays
		from
		    view_stock_detail
		where
		sku = #{sku}
	</select>
	
	<select id="selectStockInquiryInfos" parameterType="String"
		resultType="jp.co.groundinc.convertor.domain.StockInquiry">
		select sku as sku,
		sku_name as skuName,
		stock_qty as stockQty,
		cbm as
		cbm,
		total_cbm as totalCbm,
		retention_days as retentionDays
		from
		view_stock
	  where
		sku = #{sku}			
	</select>
<select id="selectStockInquiryCsv" parameterType="map"
		resultType="jp.co.groundinc.convertor.domain.StockInquiryCsv">
		select 
			sku as sku,
			sku_name as skuName,
			stock_qty as stockQty,
			cbm as cbm,
			total_cbm as totalCbm,
			retention_days as retentionDays,
			latest_put_date as lastedPutDate,
			latest_shipment_date as latestShipmentDate,
			to_char(statement_timestamp(), 'YYYYMMDD') as csvExportDate,
		    to_char(statement_timestamp(), 'HH24MISS') as csvExportTime
		from
		    csv_stock
		<where>
			<if test="skuStart != null and skuEnd != null">
				and sku &gt;= #{skuStart} and sku &lt;= #{skuEnd}
			</if>
			<if test=" skuName != null">
				and sku_name LIKE '%${skuName}%'
			</if>
			<if test=" totalCbmAbove != null and totalCbmUnder == null">
				and total_cbm &gt;= #{totalCbmAbove}
			</if>

			<if test=" totalCbmAbove == null and totalCbmUnder !=null">
				and total_cbm &lt;= #{totalCbmUnder}
			</if>
			<if test=" totalCbmAbove != null and totalCbmUnder !=null  ">
				and total_cbm between #{totalCbmAbove} and
				#{totalCbmUnder}
			</if>

		</where>
	</select>
	<select id="selectproductName" parameterType="String"
		resultType="String" flushCache="true">
		select sku_name
		from
		mst_sku
		where sku =
		#{productcoder}
	</select>
</mapper> 