<?xml version="1.0" encoding="UTF-8" ?>
<!DOCTYPE mapper
        PUBLIC "-//mybatis.org//DTD Mapper 3.0//EN"
        "http://mybatis.org/dtd/mybatis-3-mapper.dtd">

<mapper namespace="jp.co.groundinc.convertor.mapper.StowInquiryMapper">
	<select id="selectStowInquiry" parameterType="jp.co.groundinc.convertor.domain.StowInquiry"
		resultType="jp.co.groundinc.convertor.domain.StowInquiry" flushCache="true">
		select 
		create_date as dataReceivedDate,
		container_id as containerId,
		expected_put_id as expectedPutId,
		create_time as createTime,
		expected_put_line_id as expectedPutLineId,
		sku,
		sku_name as skuname,
		sku_kind as skukind,
		working_status as workingStatus,
		working_status_name as workingStatusName,
		expected_qty as expectedQty,
		result_qty as resultQty,
		damaged_qty as damagedQty,
		extra_qty as extraQty,
		missing_qty as missingQty,
		butler_status as butlerStatus,
		butler_status_detail as butlerStatusDetail,
		error_message as errorMessage,
		put_comment as putComment,
		operated_date as operatedDate,
		operated_time as operatedTime,
		pps_id as ppsId,
		pps_bin_id as ppsBinId,
		pps_bin_name as ppsBinName,
		put_kind as putKind,
		put_kind_name as putKindName,
		irregular_kind as irregularKind,
		irregular_kind_name as irregularKindName
		from
		view_put
		<where>
			<if
				test="dataReceivedDateStart != null and dataReceivedDateEnd != null and dataReceivedDateEnd != null and dataReceivedTimeEnd !=null
				and dataReceivedDateStart != '' and dataReceivedDateEnd != '' and dataReceivedDateEnd != '' and dataReceivedTimeEnd !=''">
				(create_date ||create_time) between
				#{dataReceivedDateStart}||#{dataReceivedTimeStart} and
				#{dataReceivedDateEnd}||#{dataReceivedTimeEnd}
			</if>

			<if test="operatedDateStart != null and operatedDateEnd != null
			and operatedDateStart != '' and operatedDateEnd != ''
			">
				and (operated_date ||operated_time) between #{operatedDateStart} || #{operatedDateTimeStart} 
				and #{operatedDateEnd} || #{operatedDateTimeEnd}
			</if>

			<if test="workingStatus != null">
				and working_status = #{workingStatus}
			</if>
			<if test="containerId != null">
				and container_id LIKE #{containerId}||'%'
			</if>

			<if test="sku != null">
				and sku LIKE #{sku}||'%'
			</if>
			<if test="expectedPutId != null">
				and expected_put_id LIKE #{expectedPutId}||'%'
			</if>

			<if test="ppsId != null">
				and pps_id = #{ppsId}
			</if>

			<if test="putKind != null">
				and put_kind = #{putKind}
			</if>

			<if test="irregularKind != null">
				and irregular_kind_name = #{irregularKind}
			</if>
		</where>

	</select>
	<select id="selectCountt" parameterType="jp.co.groundinc.convertor.domain.StowInquiry"
		resultType="int">
		select
		count(*)
		from
		view_put
		<where>
			<if
				test="dataReceivedDateStart != null and dataReceivedDateEnd != null and dataReceivedDateEnd != null and dataReceivedTimeEnd !=null
				and dataReceivedDateStart != '' and dataReceivedDateEnd != '' and dataReceivedDateEnd != '' and dataReceivedTimeEnd !=''
				">
				(create_date ||create_time ) between
				#{dataReceivedDateStart}||#{dataReceivedTimeStart} and
				#{dataReceivedDateEnd}||#{dataReceivedTimeEnd}
			</if>

			<if test="operatedDateStart != null and operatedDateEnd != null 
			and operatedDateStart != '' and operatedDateEnd != ''">
				and (operated_date ||operated_time) between #{operatedDateStart} || #{operatedDateTimeStart} 
				and #{operatedDateEnd} || #{operatedDateTimeEnd}
			</if>

			<if test="workingStatus != null">
				and working_status = #{workingStatus}
			</if>
			<if test="containerId != null">
				and container_id LIKE #{containerId}||'%'
			</if>

			<if test="sku != null">
				and sku LIKE #{sku}||'%'
			</if>
			<if test="expectedPutId != null">
				and expected_put_id LIKE #{expectedPutId}||'%'
			</if>
			<if test="ppsId != null">
				and pps_id = #{ppsId}
			</if>

			<if test="putKind != null">
				and put_kind = #{putKind}
			</if>

			<if test="irregularKind != null">
				and irregular_kind_name = #{irregularKind}
			</if>
		</where>

	</select>

	<select id="selectStowInquiryCsv" resultType="jp.co.groundinc.convertor.domain.StowInquiryCsv"
		parameterType="map">
		select
		create_date as dataReceivedDate,
		create_time as dataReceivedTime,
		container_id as containerId,
		expected_put_id as expectedPutId,
		expected_put_line_id as expectedPutLineId,
		sku,
		sku_name as skuName,
		sku_kind as skuKind,
		sku_kind_name as skukindName,
		user_code as userCode,
		user_name as userName,
		working_status as workingStatus,
		working_status_name as workingStatusName,
		expected_qty as expectedQty,
		result_qty as resultQty,
		damaged_qty as damagedQty,
		extra_qty as extraQty,
		missing_qty as missingQty,
		operated_date as operatedDate,
		operated_time as operatedTime,
		pps_id as ppsId,
		pps_name as ppsName,
		pps_bin_id as ppsBinId,
		pps_bin_name as ppsBinName,
		put_kind as putKind,
		put_kind_name as putKindName,
		irregular_kind as irregularKind,
		irregular_kind_name as irregularKindName,
		to_char(statement_timestamp(), 'YYYYMMDD') as csvExportDate,
		to_char(statement_timestamp(), 'HH24MISS') as csvExportTime
		from
		csv_put
		<where>
			<if
				test="dataReceivedDateStart != null and dataReceivedDateEnd != null and dataReceivedDateEnd != null and dataReceivedTimeEnd !=null
				and dataReceivedDateStart != '' and dataReceivedDateEnd != '' and dataReceivedDateEnd != '' and dataReceivedTimeEnd !=''">
				(create_date ||create_time ) between
				#{dataReceivedDateStart}||#{dataReceivedTimeStart} and
				#{dataReceivedDateEnd}||#{dataReceivedTimeEnd}
			</if>

			<if test="operatedDateStart != null and operatedDateEnd != null
			and operatedDateStart != '' and operatedDateEnd != ''
			">
				and (operated_date ||operated_time) between #{operatedDateStart} || #{operatedDateTimeStart} 
				and #{operatedDateEnd} || #{operatedDateTimeEnd}
			</if>

			<if test="workingStatus != null">
				and working_status = #{workingStatus}
			</if>
			<if test="containerId != null">
				and container_id LIKE #{containerId}||'%'
			</if>

			<if test="sku != null">
				and sku LIKE #{sku}||'%'
			</if>
			<if test="expectedPutId != null">
				and expected_put_id LIKE #{expectedPutId}||'%'
			</if>

			<if test="ppsId != null">
				and pps_id = #{ppsId}
			</if>

			<if test="putKind != null">
				and put_kind = #{putKind}
			</if>

			<if test="irregularKind != null">
				and irregular_kind_name = #{irregularKind}
			</if>
		</where>
	</select>
</mapper> 