<?xml version="1.0" encoding="UTF-8" ?>
<!DOCTYPE mapper
        PUBLIC "-//mybatis.org//DTD Mapper 3.0//EN"
        "http://mybatis.org/dtd/mybatis-3-mapper.dtd">
<mapper namespace="jp.co.groundinc.convertor.mapper.StowProgressMapper">

	<select id="findAll" resultType="jp.co.groundinc.convertor.domain.StowProgress"
		parameterType="jp.co.groundinc.convertor.domain.StowProgress"
		flushCache="true">
		select
		create_date as dataReceivedDate,
		put_progress_key_name as putProgressKeyName,
		total_expected_count as totalExpectedCount,
		total_completed_count as totalCompletedCount,
		total_incompleted_count
		as totalIncompletedCount,
		completed_rate as completedRate,
		put_kind as putKind,
		put_kind_name as putKindName
		from
		view_put_progress
		<where>
			<if test="dataReceivedDate != null and nextdataReceivedDate != null">
				create_date between #{dataReceivedDate} and
				#{nextdataReceivedDate}
			</if>
			<if test="putKind != null">
				and put_kind = #{putKind}
			</if>
		</where>
	</select>

	<select id="selectCountt" parameterType="jp.co.groundinc.convertor.domain.StowProgress"
		resultType="int">
		select
		count(*)
		from
		view_put_progress
		<where>
			<if test="dataReceivedDate != null and nextdataReceivedDate != null">
				create_date between #{dataReceivedDate} and
				#{nextdataReceivedDate}
			</if>

			<if test="putKind != null">
				and put_kind = #{putKind}
			</if>
		</where>
	</select>
<sql id="selectStowProgressSelect">
	<!--,put_progress_key as putProgressKeyName,-->
	<![CDATA[
	select 
dataReceivedDate ,
putProgressKeyName ,
totalExpectedCount ,
totalCompletedCount ,
totalIncompletedCount ,

case when totalExpectedCount <> 0 then 
trunc((totalCompletedCount::numeric/totalExpectedCount::numeric)*100)::integer
else 0 end as completedRate, 

putKind ,
putKindName 
from (
	
	
		select 
 create_date as dataReceivedDate
,put_progress_key_name as putProgressKeyName
,sum(total_expected_count) as totalExpectedCount
,sum(total_completed_count) as totalCompletedCount
,sum(total_incompleted_count) as totalIncompletedCount
,sum(completed_rate) as completedRate
,put_kind as putKind
,put_kind_name as putKindName

from (

SELECT t1.create_date,
    t1.create_time,
    m1.translate_code AS put_progress_key,
    m1.translate_value AS put_progress_key_name,
        CASE	
            WHEN m1.translate_code::text = '1'::text THEN count(DISTINCT t1.container_id)::integer	
            WHEN m1.translate_code::text = '2'::text THEN sum(t1.expected_qty)::integer	
            ELSE NULL::integer	
        END AS total_expected_count,	
        CASE	
            WHEN m1.translate_code::text = '1'::text AND sum(t1.expected_qty)::numeric = (COALESCE(sum(t2.result_qty), 0::numeric) + COALESCE(sum(t3.exception_qty), 0::numeric)) THEN COALESCE(count(DISTINCT t1.container_id), 0::bigint)::integer	
            WHEN m1.translate_code::text = '1'::text AND sum(t1.expected_qty)::numeric = COALESCE(sum(t2.result_qty), 0::numeric) AND COALESCE(sum(t3.exception_qty), 0::numeric) = 0::numeric THEN COALESCE(count(DISTINCT t2.container_id), 0::bigint)::integer	
            WHEN m1.translate_code::text = '1'::text AND sum(t1.expected_qty)::numeric = COALESCE(sum(t3.exception_qty), 0::numeric) AND COALESCE(sum(t2.result_qty), 0::numeric) = 0::numeric THEN COALESCE(count(DISTINCT t3.container_id), 0::bigint)::integer	
            WHEN m1.translate_code::text = '1'::text AND sum(t1.expected_qty)::numeric > (COALESCE(sum(t2.result_qty), 0::numeric) + COALESCE(sum(t3.exception_qty), 0::numeric)) THEN COALESCE(count(DISTINCT t2.container_id), 0::bigint)::integer	
            WHEN m1.translate_code::text = '2'::text THEN COALESCE(sum(t2.result_qty), 0::numeric)::integer	
            ELSE NULL::integer	
        END AS total_completed_count,	
        CASE	
            WHEN m1.translate_code::text = '1'::text AND sum(t1.expected_qty)::numeric = (COALESCE(sum(t2.result_qty), 0::numeric) + COALESCE(sum(t3.exception_qty), 0::numeric)) THEN 0	
            WHEN m1.translate_code::text = '1'::text AND sum(t1.expected_qty)::numeric = COALESCE(sum(t2.result_qty), 0::numeric) AND COALESCE(sum(t3.exception_qty), 0::numeric) = 0::numeric THEN (COALESCE(count(DISTINCT t1.container_id), 0::bigint) - COALESCE(count(DISTINCT t2.container_id), 0::bigint))::integer	
            WHEN m1.translate_code::text = '1'::text AND sum(t1.expected_qty)::numeric = COALESCE(sum(t3.exception_qty), 0::numeric) AND COALESCE(sum(t2.result_qty), 0::numeric) = 0::numeric THEN (COALESCE(count(DISTINCT t1.container_id), 0::bigint) - COALESCE(count(DISTINCT t3.container_id), 0::bigint))::integer	
            WHEN m1.translate_code::text = '1'::text AND sum(t1.expected_qty)::numeric > (COALESCE(sum(t2.result_qty), 0::numeric) + COALESCE(sum(t3.exception_qty), 0::numeric)) THEN (COALESCE(count(DISTINCT t1.container_id), 0::bigint) - COALESCE(count(DISTINCT t2.container_id), 0::bigint))::integer	
            WHEN m1.translate_code::text = '2'::text THEN (sum(t1.expected_qty)::numeric - COALESCE(sum(t2.result_qty), 0::numeric))::integer	
            ELSE NULL::integer	
        END AS total_incompleted_count,	
        CASE	
            WHEN m1.translate_code::text = '1'::text AND sum(t1.expected_qty)::numeric = (COALESCE(sum(t2.result_qty), 0::numeric) + COALESCE(sum(t3.exception_qty), 0::numeric)) THEN 100	
            WHEN m1.translate_code::text = '1'::text AND sum(t1.expected_qty)::numeric = COALESCE(sum(t2.result_qty), 0::numeric) AND COALESCE(sum(t3.exception_qty), 0::numeric) = 0::numeric THEN trunc(COALESCE(count(DISTINCT t2.container_id), 0::bigint)::double precision / count(DISTINCT t1.container_id)::double precision * 100::double precision)::integer	
            WHEN m1.translate_code::text = '1'::text AND sum(t1.expected_qty)::numeric = COALESCE(sum(t3.exception_qty), 0::numeric) AND COALESCE(sum(t2.result_qty), 0::numeric) = 0::numeric THEN trunc(COALESCE(count(DISTINCT t3.container_id), 0::bigint)::double precision / count(DISTINCT t1.container_id)::double precision * 100::double precision)::integer	
            WHEN m1.translate_code::text = '1'::text AND sum(t1.expected_qty)::numeric > (COALESCE(sum(t2.result_qty), 0::numeric) + COALESCE(sum(t3.exception_qty), 0::numeric)) THEN trunc(COALESCE(count(DISTINCT t2.container_id), 0::bigint)::double precision / count(DISTINCT t1.container_id)::double precision * 100::double precision)::integer	
            WHEN m1.translate_code::text = '2'::text and sum(t1.expected_qty)<>0 THEN trunc(COALESCE(sum(t2.result_qty), 0::numeric)::double precision / sum(t1.expected_qty)::double precision * 100::double precision)::integer	
            ELSE NULL::integer	
        END AS completed_rate,	
    t1.put_kind,	
    m2.translate_value AS put_kind_name	
   FROM convertor_nitori.put_expectation t1	
     LEFT JOIN ( SELECT put_complete.container_id,	
            put_complete.sku,	
            sum(put_complete.result_qty) AS result_qty	
           FROM convertor_nitori.put_complete	
          GROUP BY put_complete.container_id, put_complete.sku	
          ORDER BY put_complete.container_id, put_complete.sku) t2 ON t1.container_id::text = t2.container_id::text AND t1.sku::text = t2.sku::text	
     LEFT JOIN ( SELECT s1.container_id,	
            s1.sku,	
            sum(s1.exception_qty) AS exception_qty	
           FROM ( SELECT t1_1.container_id,	
                        CASE	
                            WHEN t1_1.sku::text = '[]'::text THEN t2_1.sku	
                            WHEN t1_1.sku::text <> '[]'::text THEN t1_1.sku	
                            ELSE NULL::character varying	
                        END AS sku,	
                    sum(t1_1.exception_qty) AS exception_qty	
                   FROM convertor_nitori.put_exception t1_1	
                     JOIN convertor_nitori.put_expectation t2_1 ON t1_1.container_id::text = t2_1.container_id::text	
                  GROUP BY t1_1.container_id, t1_1.sku, t2_1.sku	
                  ORDER BY t1_1.container_id, t1_1.sku, t2_1.sku) s1	
          GROUP BY s1.container_id, s1.sku	
          ORDER BY s1.container_id, s1.sku) t3 ON (t1.container_id::text = t3.container_id::text OR t2.container_id::text = t3.container_id::text) AND (t1.sku::text = t3.sku::text OR t2.sku::text = t3.sku::text)	
     LEFT JOIN convertor_nitori.mst_translate m1 ON m1.translate_kind::text = 'PutProgress'::text AND (m1.translate_code::text = ANY (ARRAY['1'::character varying, '2'::character varying]::text[]))	
     LEFT JOIN convertor_nitori.mst_translate m2 ON m2.translate_kind::text = 'PutKind'::text AND m2.translate_code::text = t1.put_kind::text	
		 ]]>
	</sql>
<sql id="selectStowProgressWhere">
	<![CDATA[
  GROUP BY t1.create_date,	
  t1.create_time, 	
  t1.put_kind, m1.translate_value, m1.translate_code, m2.translate_value	
  ORDER BY t1.create_date, t1.put_kind, m1.translate_code	
  
) as tempStowProgress
 GROUP BY create_date,	
  put_kind, put_progress_key_name, put_progress_key, put_kind_name	
  
  ORDER BY create_date, put_kind, put_progress_key
  
   ) as tempStowProgress	
		 ]]>
</sql>

	<select id="selectStowProgress" resultType="jp.co.groundinc.convertor.domain.StowProgress"
		parameterType="jp.co.groundinc.convertor.domain.StowProgress"
		flushCache="true">
		<include refid="selectStowProgressSelect"/>
		<where>
		<![CDATA[	t1.butler_status::text <> 'FAILED'::text ]]>
			<if test="dataReceivedDate != null and nextdataReceivedDate != null">
				and t1.create_date||t1.create_time 
				between 
				#{dataReceivedDate}||#{dataReceivedTimeStart} 
				and
				#{nextdataReceivedDate}||#{dataReceivedTimeEnd}
			</if>
			<if test="putKind != null">
				and put_kind = #{putKind}
			</if>
		</where>
		<include refid="selectStowProgressWhere"/>
		
	</select>

	<select id="selectStowProgressCount" parameterType="jp.co.groundinc.convertor.domain.StowProgress"
		resultType="int">
		select
		count(*)
		from
		(
		<include refid="selectStowProgressSelect"/>
		<where>
		<![CDATA[	t1.butler_status::text <> 'FAILED'::text ]]>
			<if test="dataReceivedDate != null and nextdataReceivedDate != null">
				and t1.create_date||t1.create_time 
				between 
				#{dataReceivedDate}||#{dataReceivedTimeStart} 
				and
				#{nextdataReceivedDate}||#{dataReceivedTimeEnd}
			</if>
			<if test="putKind != null">
				and put_kind = #{putKind}
			</if>
		</where>
		<include refid="selectStowProgressWhere"/>
		) as put_progress
	</select>
</mapper>