<?xml version="1.0" encoding="UTF-8" ?>
<!DOCTYPE mapper
        PUBLIC "-//mybatis.org//DTD Mapper 3.0//EN"
        "http://mybatis.org/dtd/mybatis-3-mapper.dtd">

<mapper namespace="jp.co.groundinc.convertor.mapper.TransmissionLogMapper">
	<select id="findcommunicationMonitor" parameterType="jp.co.groundinc.convertor.domain.TransmissionLog"
		resultType="jp.co.groundinc.convertor.domain.TransmissionLog">
		select 
			 transmission_id as transmissionId,
			 transmission_type_name as transmissionTypeName,
			 transmission_type_detail_name as transmissionTypeDetailName,
			 send_recv_kind_name as sendrecvKindName,
			 processed_date as processedDate,
			 processed_time as processedTime,
			 processing_status_name as processingStatusName,
			 total_count as totalCount,
			 error_count as errorCount,
			 file_path as filePath
		from 
		 view_transmission_log
		<where>
		   <if test=" startDate != null and endDate !=null">
				and processed_date between #{startDate}  and #{endDate}
			</if>
			<if test=" transmissionType != null">
				and transmission_type = #{transmissionType}
			</if>
			<if test=" sendrecvKind != null">
				and send_recv_kind = #{sendrecvKind}
			</if>
			<if test=" processingStatus != null">
				and processing_status = #{processingStatus}
			</if>
		</where>
	</select>
<select id="selectCountt" parameterType="jp.co.groundinc.convertor.domain.TransmissionLog"
		resultType="int">
		select 
			count(*)
		from 
		 view_transmission_log
		<where>
		   <if test=" startDate != null and endDate !=null">
				and processed_date between #{startDate}  and #{endDate}
			</if>
			<if test=" transmissionType != null">
				and transmission_type = #{transmissionType}
			</if>
			<if test=" sendrecvKind != null">
				and send_recv_kind = #{sendrecvKind}
			</if>
			<if test=" processingStatus != null">
				and processing_status = #{processingStatus}
			</if>
		</where>
	</select>
	<select id="findcommunicationMonitorIdInfo" parameterType="String"
		resultType="jp.co.groundinc.convertor.domain.TransmissionLog">
		select
		 transmission_id as transmissionId,
		 transmission_type_name as transmissionTypeName,
		 transmission_type_detail_name as transmissionTypeDetailName,
		 send_recv_kind_name as sendrecvKindName,
		 processed_date as processedDate,
		 processed_time as processedTime,
		 processing_status_name as processingStatusName,
		 total_count as totalCount,
		 error_count as errorCount,
		 file_path as filePath
		from 
		 view_transmission_log
		where 
		 transmission_id = #{transmissionId}
	</select>
	<select id="selectErrorInfo"
		resultType="jp.co.groundinc.convertor.domain.TransmissionLogMapperDetail"
		parameterType="String" flushCache="true">
		select
			 transmission_id as
			 transmissionId,
			 line_no as lineNo,
			 error_code as errorCode,
			 error_comment as errorComment
		 from 
		     view_transmission_log_detail
		 where
		     transmission_id = #{transmissionId}
	</select>
    <select id="selectTransmissionLogCsv" parameterType="map"
		resultType="jp.co.groundinc.convertor.domain.TransmissionLogCsv">
		select 
			transmission_id as transmissionId,
			 transmission_type as transmissionType,
			 transmission_type_name as transmissionTypeName,
			 transmission_type_detail as transmissionTypeDetail,
			 transmission_type_detail_name as transmissionTypeDetailName,
			 send_recv_kind as sendrecvKind,
			 send_recv_kind_name as sendrecvKindName,
			 processed_date as processedDate,
			 processed_time as processedTime,
			 processing_status as processingStatus,
			 processing_status_name as processingStatusName,
			 total_count as totalCount,
			 error_count as errorCount,
			 file_path as filePath,
			to_char(statement_timestamp(), 'YYYYMMDD') as csvExportDate,
		    to_char(statement_timestamp(), 'HH24MISS') as csvExportTime
		from
		    csv_transmission_log
		<where>
		   <if test=" startDate != null and endDate !=null">
				and processed_date between #{startDate}  and #{endDate}
			</if>
			<if test=" transmissionType != null">
				and transmission_type = #{transmissionType}
			</if>
			<if test=" sendrecvKind != null">
				and send_recv_kind = #{sendrecvKind}
			</if>
			<if test=" processingStatus != null">
				and processing_status = #{processingStatus}
			</if>
		</where>
	</select>
</mapper> 