<?xml version="1.0" encoding="UTF-8" ?>
<!DOCTYPE mapper
        PUBLIC "-//mybatis.org//DTD Mapper 3.0//EN"
        "http://mybatis.org/dtd/mybatis-3-mapper.dtd">
<mapper namespace="jp.co.groundinc.convertor.mapper.UserMasterMapper">
    <sql id="queryUserCondition">
      <where>  
        <if test="userCode != null">
            user_code = #{userCode}
        </if>
        <if test="userName != null">
            AND user_name LIKE '%' || #{userName} || '%'
        </if>
        <if test="authorityKind != null">
            AND authority_kind = #{authorityKind}
        </if>
        
      </where>
    </sql>
    
    <select id="countAll" resultType="int">
        select count(*)
        from view_mst_user <include refid="queryUserCondition" />
    </select>

    <select id="findAll" parameterType="jp.co.groundinc.convertor.domain.UserMaster" 
    		resultType="jp.co.groundinc.convertor.domain.UserMaster">
        select
            user_code as userCode,
            user_name as userName,
            password_change_date as passwordChangeDate,
            lock_flag as lockFlag,
            authority_kind as authorityKind,
            authority_kind_name as authorityKindName,
            create_date as createDate,
            update_date as updateDate
        from view_mst_user <include refid="queryUserCondition" />
    </select>
    
    <select id="findByUserCd" parameterType="String" 
    		resultType="jp.co.groundinc.convertor.domain.UserMaster">
        select
            user_code as userCode,
            user_name as userName,
            password_change_date as passwordChangeDate,
            lock_flag as lockFlag,
            authority_kind as authorityKind,
            authority_kind_name as authorityKindName,
            create_date as createDate,
            update_date as updateDate
        from view_mst_user
        where user_code = #{userCode};
    </select>
    
    <insert id="insert" parameterType="jp.co.groundinc.convertor.domain.UserMaster">
        insert into mst_user(
            user_code, user_name, authority_kind, 
            password, password_change_date, old_password, lock_flag,
            create_user, create_date, create_time, 
            update_user, update_date, update_time
        )values(
            #{userCode}, #{userName}, #{authorityKind}, 
            #{password}, #{passwordChangeDate}, #{oldPassword}, 0,
            #{createUser}, #{createDate}, #{createTime}, 
            #{updateUser}, #{updateDate}, #{updateTime}
        )
    </insert>
    
    <update id="update" parameterType="jp.co.groundinc.convertor.domain.UserMaster">
        update mst_user 
        set user_name = #{userName},
            authority_kind = #{authorityKind},
            update_user = #{updateUser},
            update_date = #{updateDate},
            update_time = #{updateTime}
        where user_code = #{userCode};
    </update>
    
    <update id="resetPwd" parameterType="jp.co.groundinc.convertor.domain.UserMaster">
        update mst_user 
        set password = #{userCode},
            old_password =#{oldPassword},
            password_change_date = #{passwordChangeDate},
            update_user = #{updateUser},
            update_date = #{updateDate},
            update_time = #{updateTime}
        where user_code = #{userCode};
    </update>
    
    <delete id="delete" parameterType="jp.co.groundinc.convertor.domain.UserMaster">
        delete 
        from mst_user 
        where user_code = #{userCode}
    </delete> 
    
    <select id="selectUserMasterCsv" parameterType="map"
		resultType="jp.co.groundinc.convertor.domain.UserMasterCsv">
		select 
			user_code as userCode,
            user_name as userName,
            password_change_date as passwordChangeDate,
            lock_flag as lockFlag,
            lock_status as lockStatus,
            authority_kind as authorityKind,
            authority_kind_name as authorityKindName,
            create_date as createDate,
            update_date as updateDate,
			to_char(statement_timestamp(), 'YYYYMMDD') as csvExportDate,
		    to_char(statement_timestamp(), 'HH24MISS') as csvExportTime
		from
		    csv_mst_user
		<where> 
        <if test="userCode != null">
            user_code = #{userCode}
        </if>
        <if test="userName != null">
            AND user_name LIKE '%' || #{userName} || '%'
        </if>
        <if test="authorityKind != null">
            AND authority_kind = #{authorityKind}
        </if>
      </where>
      </select>
      
      <select id="selectCountt" parameterType="jp.co.groundinc.convertor.domain.UserMaster"
		resultType="int">
			select 
			count(*)
		    from 
		      view_mst_user
      <where>  
        <if test="userCode != null">
            user_code = #{userCode}
        </if>
        <if test="userName != null">
            AND user_name LIKE '%' || #{userName} || '%'
        </if>
        <if test="authorityKind != null">
            AND authority_kind = #{authorityKind}
        </if>
      </where>
	</select>
</mapper>