<?xml version="1.0" encoding="UTF-8" ?>
<!DOCTYPE mapper
        PUBLIC "-//mybatis.org//DTD Mapper 3.0//EN"
        "http://mybatis.org/dtd/mybatis-3-mapper.dtd">
<mapper namespace="jp.co.groundinc.convertor.mapper.WCSStockInquiryMapper">

	<select id="findAll" resultType="jp.co.groundinc.convertor.domain.WCSStockInquiry"
		    parameterType="jp.co.groundinc.convertor.domain.WCSStockInquiry" flushCache="true">
		select
		   id as ID,
		   component,
		   request_date as requestDate,
		   request_time as requestTime,
		   generate_date as generateDate,
		   generate_time as generateTime,
		   file_url as fileUrl
		   
		from 
		  view_notify_inventory_report
		<where>
			<if test="requestDateStart != null and requestDateEnd != null">
				request_date between #{requestDateStart} and #{requestDateEnd}
			</if>
			
		</where>
	</select>
	
	<select id="selectCountt" parameterType="jp.co.groundinc.convertor.domain.WCSStockInquiry"
		resultType="int">
			select 
			count(*)
		    from 
		       view_notify_inventory_report
		<where>
			<if test="requestDateStart != null and requestDateEnd != null">
				request_date between #{requestDateStart} and #{requestDateEnd}
			</if>
			
		</where>
	
	</select>
</mapper>