<?xml version="1.0" encoding="UTF-8"?>
<configuration>
    <include resource="org/springframework/boot/logging/logback/defaults.xml"/>
    <include resource="org/springframework/boot/logging/logback/console-appender.xml"/>
    <timestamp key="LOG_DATE" datePattern="yyyyMMdd"/>
    <property name="LOG_FILE" value="logs/convertor/convertor.log" />
 
    <appender name="FILE" class="ch.qos.logback.core.rolling.RollingFileAppender">
        <encoder>
            <pattern>${FILE_LOG_PATTERN}</pattern>
        </encoder>
        <file>${LOG_FILE}</file>
        <rollingPolicy class="ch.qos.logback.core.rolling.TimeBasedRollingPolicy">
          <fileNamePattern>${LOG_FILE}.%d{yyyyMMdd}</fileNamePattern>
        <maxHistory>30</maxHistory>
    </rollingPolicy>
 
    </appender>
    
    <logger name="org.springframework.web" level="INFO"/>
    
    <logger name="jp.co.groundinc.convertor.mapper" level="TRACE"/>
    
    <root level="INFO">
        <appender-ref ref="CONSOLE"/>
        <appender-ref ref="FILE"/>
    </root>
 
</configuration>
